unit_id,institution_name,year,graduation_rate_total_cohort_,total_number_of_undergraduates_financial_aid_cohort_,state_abbreviation,fips_state_code,sector_of_institution,level_of_institution,control_of_institution,degree_granting_status,postsecondary_and_title_iv_institution_indicator,institutional_category,institution_size_category,longitude,latitude,x91,total_students_all,total_black_all,total_asian_all,total_women_all,total_men_all,total_undergrad_men,total_undergrad_women,total_undergrad_black,total_undergrad_asian,total_undergrad_hispanic,total_undergrad_white_men,total_undergrad_white_women,total_white_all,ftime_total_undergrad,ftime_total_undergrad_men,ftime_total_undergrad_women,total_students_undergrad
106458,Arkansas State University-Main Campus,2019,53,NA,AR,5,1,4-year,Public,1,1,"Degree-granting, primarily baccalaureate or above",4,-90.679988,35.842388,NA,13356,1725,117,8328,5028,3586,5342,1127,78,344,2635,4013,9956,6439,2739,3700,8928
106458,Arkansas State University-Main Campus,2018,48,9350,AR,5,1,4-year,Public,1,1,"Degree-granting, primarily baccalaureate or above",4,-90.679988,35.842388,NA,13709,1737,126,8534,5175,3739,5611,1152,88,302,2768,4300,10281,6789,2887,3902,9350
106458,Arkansas State University-Main Campus,2017,48,9604,AR,5,1,4-year,Public,1,1,"Degree-granting, primarily baccalaureate or above",4,-90.679988,35.842388,NA,13930,1831,118,8593,5337,3881,5723,1213,87,268,2877,4378,10381,6894,2958,3936,9604
106458,Arkansas State University-Main Campus,2016,45,9839,AR,5,1,4-year,Public,1,1,"Degree-granting, primarily baccalaureate or above",4,-90.679988,35.842388,NA,14085,1836,116,8460,5625,4185,5654,1256,83,260,3053,4315,10448,7305,3222,4083,9839
106458,Arkansas State University-Main Campus,2015,40,9592,AR,5,1,4-year,Public,1,1,"Degree-granting, primarily baccalaureate or above",4,-90.680478,35.842779,NA,13410,1788,111,7964,5446,4112,5480,1272,77,246,3020,4177,9996,7295,3193,4102,9592
106458,Arkansas State University-Main Campus,2014,39,9857,AR,5,1,4-year,Public,1,1,"Degree-granting, primarily baccalaureate or above",4,-90.680478,35.842779,NA,13144,1834,102,7797,5347,4208,5649,1364,76,229,3088,4273,9744,7465,3275,4190,9857
106458,Arkansas State University-Main Campus,2013,37,10098,AR,5,1,4-year,Public,1,1,"Degree-granting, primarily baccalaureate or above",4,-90.680478,35.842779,NA,13552,1923,97,8166,5386,4279,5819,1410,79,211,3131,4346,9995,7645,3289,4356,10098
150136,Ball State University,2019,67,NA,IN,18,1,4-year,Public,1,1,"Degree-granting, primarily baccalaureate or above",5,-85.409043,40.203431,NA,22443,1731,401,14560,7883,6646,10056,1357,250,994,5121,7738,17141,14693,5876,8817,16702
150136,Ball State University,2018,63,16160,IN,18,1,4-year,Public,1,1,"Degree-granting, primarily baccalaureate or above",5,-85.409043,40.203431,NA,21795,1684,357,14064,7731,6493,9576,1327,199,868,5151,7527,17023,14828,6027,8801,16069
150136,Ball State University,2017,62,17004,IN,18,1,4-year,Public,1,1,"Degree-granting, primarily baccalaureate or above",5,-85.409043,40.203431,NA,22513,1739,344,14291,8222,6881,10123,1396,219,849,5415,7909,17546,15203,6211,8992,17004
150136,Ball State University,2016,58,17011,IN,18,1,4-year,Public,1,1,"Degree-granting, primarily baccalaureate or above",5,-85.409043,40.203431,NA,21998,1567,312,13742,8256,6885,10126,1299,201,749,5420,7984,17240,15110,6170,8940,17011
150136,Ball State University,2015,60,16602,IN,18,1,4-year,Public,1,1,"Degree-granting, primarily baccalaureate or above",5,-85.408863,40.198942,NA,21196,1464,281,13100,8096,6784,9818,1245,195,696,5379,7814,16670,14716,6026,8690,16602
150136,Ball State University,2014,59,16415,IN,18,1,4-year,Public,1,1,"Degree-granting, primarily baccalaureate or above",5,-85.408863,40.198942,NA,20655,1378,215,12538,8117,6821,9594,1193,169,620,5456,7755,16267,15018,6262,8756,16415
150136,Ball State University,2013,59,16901,IN,18,1,4-year,Public,1,1,"Degree-granting, primarily baccalaureate or above",5,-85.408863,40.198942,NA,20503,1259,181,12293,8210,6877,9423,1094,134,563,5632,7779,16323,15128,6347,8781,16300
110422,California Polytechnic State University-San Luis Obispo,2019,82,NA,CA,6,1,4-year,Public,1,1,"Degree-granting, primarily baccalaureate or above",5,-120.65731100000001,35.299513,NA,21426,180,2878,10351,11075,10622,9881,172,2792,3595,5664,5312,11512,19685,10105,9580,20503
110422,California Polytechnic State University-San Luis Obispo,2018,82,21098,CA,6,1,4-year,Public,1,1,"Degree-granting, primarily baccalaureate or above",5,-120.65731100000001,35.299513,NA,22013,170,2871,10662,11351,10900,10198,166,2794,3596,5859,5564,11972,20333,10438,9895,21098
110422,California Polytechnic State University-San Luis Obispo,2017,82,21351,CA,6,1,4-year,Public,1,1,"Degree-granting, primarily baccalaureate or above",5,-120.65731100000001,35.299513,NA,22370,168,2843,10709,11661,11153,10198,162,2750,3592,6070,5597,12254,20584,10662,9922,21351
110422,California Polytechnic State University-San Luis Obispo,2016,80,20426,CA,6,1,4-year,Public,1,1,"Degree-granting, primarily baccalaureate or above",5,-120.65731100000001,35.299513,NA,21306,152,2631,10059,11247,10821,9605,147,2564,3278,6061,5450,12018,19703,10334,9369,20426
110422,California Polytechnic State University-San Luis Obispo,2015,76,20049,CA,6,1,4-year,Public,1,1,"Degree-granting, primarily baccalaureate or above",5,-120.65856,35.29889,NA,20944,166,2527,9783,11161,10710,9339,161,2444,3135,6093,5395,11985,19318,10245,9073,20049
110422,California Polytechnic State University-San Luis Obispo,2014,75,19246,CA,6,1,4-year,Public,1,1,"Degree-granting, primarily baccalaureate or above",5,-120.65856,35.29889,NA,20186,142,2344,9298,10888,10414,8832,135,2272,2909,6076,5195,11827,18578,9981,8597,19246
110422,California Polytechnic State University-San Luis Obispo,2013,70,18739,CA,6,1,4-year,Public,1,1,"Degree-granting, primarily baccalaureate or above",4,-120.65856,35.29889,NA,19703,148,2195,8931,10772,10263,8476,141,2116,2782,6050,5079,11726,18058,9836,8222,18739
110608,California State University-Northridge,2019,55,NA,CA,6,1,4-year,Public,1,1,"Degree-granting, primarily baccalaureate or above",5,-118.529319,34.240126,NA,39910,1862,3739,22530,17380,15739,19060,1676,3280,17894,3443,3639,8550,29320,12985,16335,34799
110608,California State University-Northridge,2018,54,35051,CA,6,1,4-year,Public,1,1,"Degree-granting, primarily baccalaureate or above",5,-118.529319,34.240126,NA,40212,1847,3935,22426,17786,16101,18950,1651,3507,17308,3514,3648,8714,29289,13203,16086,35051
110608,California State University-Northridge,2017,51,35839,CA,6,1,4-year,Public,1,1,"Degree-granting, primarily baccalaureate or above",5,-118.529319,34.240126,NA,41319,1936,4218,23090,18229,16470,19369,1702,3750,17079,3627,3901,9290,29739,13426,16313,35839
110608,California State University-Northridge,2016,50,35756,CA,6,1,4-year,Public,1,1,"Degree-granting, primarily baccalaureate or above",5,-118.526817,34.23671,NA,39916,1843,4304,21939,17977,16461,19295,1699,3933,16325,3728,4101,9265,29104,13119,15985,35756
110608,California State University-Northridge,2015,50,37188,CA,6,1,4-year,Public,1,1,"Degree-granting, primarily baccalaureate or above",5,-118.526817,34.23671,NA,41548,2073,4575,22764,18784,17194,19994,1919,4188,16337,4002,4456,9972,30281,13689,16592,37188
110608,California State University-Northridge,2014,47,35616,CA,6,1,4-year,Public,1,1,"Degree-granting, primarily baccalaureate or above",5,-118.526817,34.23671,NA,40131,2166,4379,22133,17998,16335,19281,2005,4001,14841,4085,4607,10379,29341,13189,16152,35616
110608,California State University-Northridge,2013,46,33771,CA,6,1,4-year,Public,1,1,"Degree-granting, primarily baccalaureate or above",5,-118.526817,34.23671,NA,38310,2276,4180,21290,17020,15359,18412,2096,3785,13562,4115,4557,10432,28200,12656,15544,33771
217882,Clemson University,2019,84,NA,SC,45,1,4-year,Public,1,1,"Degree-granting, primarily baccalaureate or above",5,-82.835114,34.679381,NA,25822,1564,620,12857,12965,10173,10022,1242,528,1111,8129,8106,19640,19486,9751,9735,20195
217882,Clemson University,2018,83,20160,SC,45,1,4-year,Public,1,1,"Degree-granting, primarily baccalaureate or above",5,-82.835114,34.679381,NA,24951,1576,598,12262,12689,10041,9628,1271,516,950,8151,7863,19260,18971,9627,9344,19669
217882,Clemson University,2017,82,19869,SC,45,1,4-year,Public,1,1,"Degree-granting, primarily baccalaureate or above",5,-82.835114,34.679381,NA,24387,1540,531,11881,12506,9988,9414,1279,463,727,8265,7813,19136,18642,9544,9098,19402
217882,Clemson University,2016,81,19096,SC,45,1,4-year,Public,1,1,"Degree-granting, primarily baccalaureate or above",5,-82.835114,34.679381,NA,23406,1535,526,11200,12206,9725,8874,1265,454,649,8048,7379,18204,17883,9311,8572,18599
217882,Clemson University,2015,81,18559,SC,45,1,4-year,Public,1,1,"Degree-granting, primarily baccalaureate or above",5,-82.834463,34.677329,NA,22698,1419,470,10682,12016,9520,8496,1191,409,574,7871,7109,17627,17238,9058,8180,18016
217882,Clemson University,2014,82,17260,SC,45,1,4-year,Public,1,1,"Degree-granting, primarily baccalaureate or above",5,-82.834463,34.677329,NA,21857,1347,389,10160,11697,9229,8031,1116,335,510,7667,6704,16876,16572,8819,7753,17260
217882,Clemson University,2013,83,17052,SC,45,1,4-year,Public,1,1,"Degree-granting, primarily baccalaureate or above",5,-82.834463,34.677329,NA,21303,1270,353,9729,11574,9156,7775,1057,301,439,7591,6514,16324,16050,8590,7460,16931
217819,College of Charleston,2019,66,NA,SC,45,1,4-year,Public,1,1,"Degree-granting, primarily baccalaureate or above",4,-79.939794,32.784225,NA,10545,807,204,6872,3673,3435,6165,709,191,592,2667,4760,8157,8762,3009,5753,9600
217819,College of Charleston,2018,71,9880,SC,45,1,4-year,Public,1,1,"Degree-granting, primarily baccalaureate or above",4,-79.939794,32.784225,NA,10783,850,222,7027,3756,3517,6363,776,215,568,2742,4870,8339,9103,3148,5955,9880
217819,College of Charleston,2017,69,9895,SC,45,1,4-year,Public,1,1,"Degree-granting, primarily baccalaureate or above",4,-79.939794,32.784225,NA,10863,876,237,6985,3878,3629,6266,773,228,528,2862,4798,8402,9083,3249,5834,9895
217819,College of Charleston,2016,69,10375,SC,45,1,4-year,Public,1,1,"Degree-granting, primarily baccalaureate or above",4,-79.937251,32.783142,NA,11294,918,227,7275,4019,3795,6580,835,218,532,3050,5096,8885,9524,3404,6120,10375
217819,College of Charleston,2015,68,10468,SC,45,1,4-year,Public,1,1,"Degree-granting, primarily baccalaureate or above",4,-79.937251,32.783142,NA,11531,902,200,7433,4098,3841,6627,808,196,492,3105,5202,9175,9590,3452,6138,10468
217819,College of Charleston,2014,67,10440,SC,45,1,4-year,Public,1,1,"Degree-granting, primarily baccalaureate or above",4,-79.937251,32.783142,NA,11456,823,181,7329,4127,3886,6554,750,177,445,3168,5208,9221,9608,3502,6106,10440
217819,College of Charleston,2013,64,10488,SC,45,1,4-year,Public,1,1,"Degree-granting, primarily baccalaureate or above",4,-79.937251,32.783142,NA,11619,749,177,7395,4224,3957,6531,676,167,427,3262,5302,9507,9708,3573,6135,10488
198464,East Carolina University,2019,66,NA,NC,37,1,4-year,Public,1,1,"Degree-granting, primarily baccalaureate or above",5,-77.368291,35.607186,NA,28651,4561,785,16910,11741,9897,13184,3753,558,1722,6527,8555,18933,19204,8357,10847,23081
198464,East Carolina University,2018,65,23071,NC,37,1,4-year,Public,1,1,"Degree-granting, primarily baccalaureate or above",5,-77.368291,35.607186,NA,28718,4559,766,16882,11836,9911,13160,3705,576,1564,6612,8668,19130,19562,8497,11065,23071
198464,East Carolina University,2017,62,23265,NC,37,1,4-year,Public,1,1,"Degree-granting, primarily baccalaureate or above",5,-77.368291,35.607186,NA,29131,4639,805,17161,11970,9957,13308,3802,605,1537,6623,8849,19586,19999,8657,11342,23265
198464,East Carolina University,2016,61,22969,NC,37,1,4-year,Public,1,1,"Degree-granting, primarily baccalaureate or above",5,-77.368291,35.607186,NA,28962,4488,838,17118,11844,9781,13188,3681,649,1475,6625,8846,19732,19754,8412,11342,22969
198464,East Carolina University,2015,62,23039,NC,37,1,4-year,Public,1,1,"Degree-granting, primarily baccalaureate or above",5,-77.366199,35.606347,NA,28289,4497,806,16796,11493,9599,13440,3858,625,1436,6524,9055,19404,19336,8132,11204,23039
198464,East Carolina University,2014,59,22252,NC,37,1,4-year,Public,1,1,"Degree-granting, primarily baccalaureate or above",5,-77.366199,35.606347,NA,27511,4359,782,16451,11060,9183,13069,3744,594,1337,6295,8876,19058,18903,7897,11006,22252
198464,East Carolina University,2013,56,21508,NC,37,1,4-year,Public,1,1,"Degree-granting, primarily baccalaureate or above",5,-77.366199,35.606347,NA,26887,4038,711,16203,10684,8802,12706,3467,547,1074,6239,8851,19170,18500,7704,10796,21508
139658,Emory University,2019,90,NA,GA,13,2,4-year,Private not-for-profit,1,1,"Degree-granting, primarily baccalaureate or above",4,-84.325512,33.790183,NA,14415,1500,2271,8621,5794,2868,4250,579,1513,750,1095,1668,6191,7012,2835,4177,7118
139658,Emory University,2018,90,7086,GA,13,2,4-year,Private not-for-profit,1,1,"Degree-granting, primarily baccalaureate or above",4,-84.325512,33.790183,NA,14458,1450,2227,8604,5854,2832,4254,553,1461,709,1087,1692,6258,6985,2794,4191,7086
139658,Emory University,2017,91,6937,GA,13,2,4-year,Private not-for-profit,1,1,"Degree-granting, primarily baccalaureate or above",4,-84.325512,33.790183,NA,14263,1385,2067,8324,5939,2809,4128,571,1338,640,1104,1714,6342,6794,2762,4032,6937
139658,Emory University,2016,91,6861,GA,13,2,4-year,Private not-for-profit,1,1,"Degree-granting, primarily baccalaureate or above",4,-84.325512,33.790183,NA,14067,1390,2010,8176,5891,2814,4047,588,1254,585,1153,1683,6274,6714,2754,3960,6861
139658,Emory University,2015,89,6867,GA,13,2,4-year,Private not-for-profit,1,1,"Degree-granting, primarily baccalaureate or above",4,-84.325782,33.798836,NA,13788,1410,1968,7937,5851,2876,3991,637,1295,545,1170,1592,6147,6751,2825,3926,6867
139658,Emory University,2014,89,6880,GA,13,2,4-year,Private not-for-profit,1,1,"Degree-granting, primarily baccalaureate or above",4,-84.325782,33.798836,NA,14769,1474,2281,8349,6420,3424,4405,715,1605,551,1415,1747,6635,7732,3375,4357,7829
139658,Emory University,2013,90,7836,GA,13,2,4-year,Private not-for-profit,1,1,"Degree-granting, primarily baccalaureate or above",4,-84.325782,33.798836,NA,14513,1423,2334,8185,6328,3393,4443,719,1708,484,1414,1734,6528,7676,3321,4355,7836
133669,Florida Atlantic University,2019,50,NA,FL,12,1,4-year,Public,1,1,"Degree-granting, primarily baccalaureate or above",5,-80.102978,26.372421,NA,30061,5795,1332,17229,12832,10745,13995,4896,1074,6822,4587,5265,12301,16678,7334,9344,24740
133669,Florida Atlantic University,2018,52,24591,FL,12,1,4-year,Public,1,1,"Degree-granting, primarily baccalaureate or above",5,-80.102978,26.372421,NA,29772,5660,1307,16977,12795,10690,13686,4751,1062,6664,4649,5252,12510,16436,7208,9228,24376
133669,Florida Atlantic University,2017,51,25017,FL,12,1,4-year,Public,1,1,"Degree-granting, primarily baccalaureate or above",5,-80.102978,26.372421,NA,30208,5778,1361,17061,13147,11047,13983,4950,1100,6738,4861,5432,12849,16325,7224,9101,25030
133669,Florida Atlantic University,2016,50,25396,FL,12,1,4-year,Public,1,1,"Degree-granting, primarily baccalaureate or above",5,-80.102978,26.372421,NA,30541,5847,1328,17295,13246,11159,14243,4995,1095,6702,5044,5671,13296,16252,7211,9041,25402
133669,Florida Atlantic University,2015,49,25471,FL,12,1,4-year,Public,1,1,"Degree-granting, primarily baccalaureate or above",5,-80.102293,26.372536,NA,30380,5740,1287,17308,13072,11125,14346,4923,1076,6566,5166,5851,13571,16116,7145,8971,25471
133669,Florida Atlantic University,2014,46,25490,FL,12,1,4-year,Public,1,1,"Degree-granting, primarily baccalaureate or above",5,-80.102293,26.372536,NA,30297,5678,1318,17277,13020,11169,14307,4900,1112,6434,5355,6091,14031,15561,6974,8587,25476
133669,Florida Atlantic University,2013,41,25793,FL,12,1,4-year,Public,1,1,"Degree-granting, primarily baccalaureate or above",5,-80.102293,26.372536,NA,30759,5541,1310,17581,13178,11296,14494,4756,1093,6367,5549,6455,14772,15891,7187,8704,25790
133951,Florida International University,2019,63,NA,FL,12,1,4-year,Public,1,1,"Degree-granting, primarily baccalaureate or above",5,-80.373928,25.75732,NA,58711,7316,1551,33527,25184,21421,27905,6120,1157,33033,1931,2437,5973,28335,12129,16206,49326
133951,Florida International University,2018,58,48818,FL,12,1,4-year,Public,1,1,"Degree-granting, primarily baccalaureate or above",5,-80.373928,25.75732,NA,57942,7235,1539,33090,24852,21219,27599,6052,1152,32877,1818,2305,5708,27906,12013,15893,48818
133951,Florida International University,2017,57,47629,FL,12,1,4-year,Public,1,1,"Degree-granting, primarily baccalaureate or above",5,-80.373928,25.75732,NA,56718,7150,1487,32541,24177,20532,27097,6024,1120,32158,1801,2314,5805,26655,11563,15092,47629
133951,Florida International University,2016,56,45856,FL,12,1,4-year,Public,1,1,"Degree-granting, primarily baccalaureate or above",5,-80.377591,25.757111,NA,55003,6828,1480,31250,23753,19950,25906,5723,1130,30864,1879,2252,5864,26312,11468,14844,45856
133951,Florida International University,2015,58,41032,FL,12,1,4-year,Public,1,1,"Degree-granting, primarily baccalaureate or above",5,-80.377591,25.757111,NA,49782,6082,1364,27924,21858,18204,22828,5041,1032,27306,1757,2168,5603,25638,11302,14336,41032
133951,Florida International University,2014,54,41009,FL,12,1,4-year,Public,1,1,"Degree-granting, primarily baccalaureate or above",5,-80.377591,25.757111,NA,49610,5977,1434,27757,21853,18167,22842,4995,1086,27451,1818,2127,5683,25644,11207,14437,41009
133951,Florida International University,2013,52,39142,FL,12,1,4-year,Public,1,1,"Degree-granting, primarily baccalaureate or above",5,-80.377591,25.757111,NA,47663,5741,1381,26599,21064,17427,21715,4728,1059,26160,1871,2100,5802,25954,11419,14535,39142
134097,Florida State University,2019,83,NA,FL,12,1,4-year,Public,1,1,"Degree-granting, primarily baccalaureate or above",5,-84.291921,30.440756,NA,42450,3837,1189,24296,18154,14356,18914,2932,896,7150,8679,11085,24969,29879,12593,17286,33270
134097,Florida State University,2018,83,32472,FL,12,1,4-year,Public,1,1,"Degree-granting, primarily baccalaureate or above",5,-84.291921,30.440756,NA,41269,3653,1108,23410,17859,14191,18545,2817,829,6881,8662,10990,24500,29301,12395,16906,32736
134097,Florida State University,2017,80,33008,FL,12,1,4-year,Public,1,1,"Degree-granting, primarily baccalaureate or above",5,-84.291921,30.440756,NA,41362,3462,1045,23073,18289,14625,18383,2719,786,6662,9207,11114,25054,29286,12700,16586,33008
134097,Florida State University,2016,80,32933,FL,12,1,4-year,Public,1,1,"Degree-granting, primarily baccalaureate or above",5,-84.291921,30.440756,NA,41173,3486,1017,22868,18305,14688,18245,2741,783,6526,9364,11173,25262,29281,12755,16526,32933
134097,Florida State University,2015,79,32706,FL,12,1,4-year,Public,1,1,"Degree-granting, primarily baccalaureate or above",5,-84.294801,30.4421,NA,40830,3302,1017,22460,18370,14710,17996,2611,783,6205,9593,11323,25711,29185,12778,16407,32706
134097,Florida State University,2014,79,32948,FL,12,1,4-year,Public,1,1,"Degree-granting, primarily baccalaureate or above",5,-84.294801,30.4421,NA,41226,3377,1029,22645,18581,14861,18087,2669,808,5872,9936,11586,26466,29211,12820,16391,32948
134097,Florida State University,2013,77,32528,FL,12,1,4-year,Public,1,1,"Degree-granting, primarily baccalaureate or above",5,-84.294801,30.4421,NA,40909,3487,1034,22502,18407,14627,17901,2769,820,5497,9895,11682,26739,28910,12669,16241,32528
151351,Indiana University-Bloomington,2019,79,NA,IN,18,1,4-year,Public,1,1,"Degree-granting, primarily baccalaureate or above",5,-86.526559,39.16609,NA,43260,1908,2687,21159,22101,16753,16331,1483,2141,2360,11512,11158,28375,31981,16133,15848,33084
151351,Indiana University-Bloomington,2018,78,33301,IN,18,1,4-year,Public,1,1,"Degree-granting, primarily baccalaureate or above",5,-86.526559,39.16609,NA,43503,1921,2534,21306,22197,16752,16549,1518,1928,2155,11568,11379,28669,32109,16156,15953,33301
151351,Indiana University-Bloomington,2017,77,33429,IN,18,1,4-year,Public,1,1,"Degree-granting, primarily baccalaureate or above",5,-86.526559,39.16609,NA,43710,1929,2335,21241,22469,16894,16535,1485,1734,1999,11767,11433,28916,32212,16234,15978,33429
151351,Indiana University-Bloomington,2016,76,39184,IN,18,1,4-year,Public,1,1,"Degree-granting, primarily baccalaureate or above",5,-86.526904,39.166383,NA,49695,2097,2518,24775,24920,19200,19984,1661,1913,2121,13667,14084,33498,32005,16131,15874,39184
151351,Indiana University-Bloomington,2015,77,38364,IN,18,1,4-year,Public,1,1,"Degree-granting, primarily baccalaureate or above",5,-86.526904,39.166383,NA,48514,1903,2150,24364,24150,18688,19676,1508,1588,1820,12739,13147,31589,31728,15877,15851,38364
151351,Indiana University-Bloomington,2014,78,36419,IN,18,1,4-year,Public,1,1,"Degree-granting, primarily baccalaureate or above",5,-86.526904,39.166383,NA,46416,1794,2008,23317,23099,17803,18616,1413,1512,1672,12930,13593,32242,31370,15629,15741,36419
151351,Indiana University-Bloomington,2013,77,36862,IN,18,1,4-year,Public,1,1,"Degree-granting, primarily baccalaureate or above",5,-86.526904,39.166383,NA,46817,1863,1852,23676,23141,17927,18935,1496,1375,1594,13218,13988,32928,31050,15417,15633,36862
159391,Louisiana State University and Agricultural & Mechanical College,2019,68,NA,LA,22,1,4-year,Public,1,1,"Degree-granting, primarily baccalaureate or above",5,-91.178921,30.414986,NA,31756,4239,1344,17074,14682,12164,13662,3464,1200,1833,8533,9168,20984,22726,10618,12108,25826
159391,Louisiana State University and Agricultural & Mechanical College,2018,67,25233,LA,22,1,4-year,Public,1,1,"Degree-granting, primarily baccalaureate or above",5,-91.178921,30.414986,NA,30983,3867,1270,16557,14426,11920,13313,3187,1120,1664,8498,9075,20789,22418,10536,11882,25233
159391,Louisiana State University and Agricultural & Mechanical College,2017,67,25444,LA,22,1,4-year,Public,1,1,"Degree-granting, primarily baccalaureate or above",5,-91.178921,30.414986,NA,30861,3772,1219,16270,14591,12194,13250,3144,1094,1583,8850,9340,21248,22060,10561,11499,25444
159391,Louisiana State University and Agricultural & Mechanical College,2016,68,26118,LA,22,1,4-year,Public,1,1,"Degree-granting, primarily baccalaureate or above",5,-91.178921,30.414986,NA,31409,3741,1211,16525,14884,12471,13647,3190,1099,1581,9180,9700,21956,23212,11004,12208,26118
159391,Louisiana State University and Agricultural & Mechanical College,2015,67,26156,LA,22,1,4-year,Public,1,1,"Degree-granting, primarily baccalaureate or above",5,-91.178921,30.414983,NA,31524,3703,1214,16429,15095,12611,13545,3156,1092,1551,9310,9675,22123,23602,11298,12304,26156
159391,Louisiana State University and Agricultural & Mechanical College,2014,67,25572,LA,22,1,4-year,Public,1,1,"Degree-granting, primarily baccalaureate or above",5,-91.196656,30.552111,NA,31044,3496,1086,15969,15075,12466,13106,2934,963,1428,9438,9526,22194,23195,11213,11982,25572
159391,Louisiana State University and Agricultural & Mechanical College,2013,69,24923,LA,22,1,4-year,Public,1,1,"Degree-granting, primarily baccalaureate or above",5,-91.196656,30.552111,NA,30478,3319,962,15685,14793,12080,12843,2774,851,1245,9347,9465,22168,22811,10979,11832,24923
237525,Marshall University,2019,49,NA,WV,54,1,4-year,Public,1,1,"Degree-granting, primarily baccalaureate or above",4,-82.428964,38.422482,NA,12852,604,163,7689,5163,3945,5470,470,101,186,3198,4633,10451,7123,3077,4046,9415
237525,Marshall University,2018,46,9593,WV,54,1,4-year,Public,1,1,"Degree-granting, primarily baccalaureate or above",4,-82.428964,38.422482,NA,13204,670,142,7856,5348,4070,5523,525,83,193,3266,4624,10546,7460,3220,4240,9593
237525,Marshall University,2017,49,9489,WV,54,1,4-year,Public,1,1,"Degree-granting, primarily baccalaureate or above",4,-82.428964,38.422482,NA,13246,695,142,7794,5452,4003,5486,554,70,211,3195,4559,10479,7846,3398,4448,9489
237525,Marshall University,2016,45,9615,WV,54,1,4-year,Public,1,1,"Degree-granting, primarily baccalaureate or above",4,-82.428964,38.422482,NA,13647,737,162,7962,5685,4115,5500,602,78,192,3297,4583,10799,7997,3488,4509,9615
237525,Marshall University,2015,45,9518,WV,54,1,4-year,Public,1,1,"Degree-granting, primarily baccalaureate or above",4,-82.43065,38.42261,NA,13621,730,153,7919,5702,4071,5447,601,70,195,3255,4511,10770,8005,3478,4527,9518
237525,Marshall University,2014,44,9536,WV,54,1,4-year,Public,1,1,"Degree-granting, primarily baccalaureate or above",4,-82.43065,38.42261,NA,13381,738,157,7833,5548,4131,5405,608,71,182,3389,4567,10948,8142,3585,4557,9536
237525,Marshall University,2013,44,9756,WV,54,1,4-year,Public,1,1,"Degree-granting, primarily baccalaureate or above",4,-82.43065,38.42261,NA,13407,687,162,7850,5557,4245,5511,581,78,195,3499,4658,11104,8268,3644,4624,9756
204024,Miami University-Oxford,2019,81,NA,OH,39,1,4-year,Public,1,1,"Degree-granting, primarily baccalaureate or above",4,-84.732954,39.507757,NA,19716,751,467,10360,9356,8649,8597,615,411,877,6070,6331,14100,16682,8354,8328,17246
204024,Miami University-Oxford,2018,80,17327,OH,39,1,4-year,Public,1,1,"Degree-granting, primarily baccalaureate or above",4,-84.732954,39.507757,NA,19934,706,443,10462,9472,8677,8650,593,384,821,5976,6242,14051,16714,8365,8349,17327
204024,Miami University-Oxford,2017,79,17147,OH,39,1,4-year,Public,1,1,"Degree-granting, primarily baccalaureate or above",4,-84.732954,39.507757,NA,19700,658,442,10350,9350,8549,8598,539,372,770,5980,6253,14040,16619,8281,8338,17147
204024,Miami University-Oxford,2016,78,16981,OH,39,1,4-year,Public,1,1,"Degree-granting, primarily baccalaureate or above",4,-84.731821,39.509642,NA,19697,649,431,10490,9207,8381,8600,521,361,681,6083,6387,14444,16434,8100,8334,16981
204024,Miami University-Oxford,2015,80,16387,OH,39,1,4-year,Public,1,1,"Degree-granting, primarily baccalaureate or above",4,-84.731821,39.509642,NA,19076,594,407,10213,8863,8092,8295,483,344,628,6052,6372,14433,16023,7871,8152,16387
204024,Miami University-Oxford,2014,79,15813,OH,39,1,4-year,Public,1,1,"Degree-granting, primarily baccalaureate or above",4,-84.731821,39.509642,NA,18620,608,358,10003,8617,7798,8015,499,299,537,6038,6364,14546,15311,7522,7789,15813
204024,Miami University-Oxford,2013,81,15462,OH,39,1,4-year,Public,1,1,"Degree-granting, primarily baccalaureate or above",4,-84.731821,39.509642,NA,17901,662,313,9662,8239,7470,7992,565,275,509,6006,6479,14311,15001,7215,7786,15462
185572,Monmouth University,2019,73,NA,NJ,34,2,4-year,Private not-for-profit,1,1,"Degree-granting, primarily baccalaureate or above",3,-74.006447,40.280066,NA,5953,348,188,3785,2168,1817,2633,229,119,615,1282,1824,4133,4301,1756,2545,4450
185572,Monmouth University,2018,69,4630,NJ,34,2,4-year,Private not-for-profit,1,1,"Degree-granting, primarily baccalaureate or above",3,-74.006447,40.280066,NA,6167,331,201,3845,2322,1962,2668,219,137,631,1388,1876,4316,4448,1880,2568,4630
185572,Monmouth University,2017,70,4706,NJ,34,2,4-year,Private not-for-profit,1,1,"Degree-granting, primarily baccalaureate or above",3,-74.006447,40.280066,NA,6340,356,209,3991,2349,1978,2728,228,141,630,1399,1946,4455,4502,1888,2614,4706
185572,Monmouth University,2016,70,4707,NJ,34,2,4-year,Private not-for-profit,1,1,"Degree-granting, primarily baccalaureate or above",3,-74.006447,40.280066,NA,6371,374,238,3939,2432,2035,2672,252,163,574,1450,1924,4469,4490,1924,2566,4707
185572,Monmouth University,2015,67,4693,NJ,34,2,4-year,Private not-for-profit,1,1,"Degree-granting, primarily baccalaureate or above",3,-74.006447,40.280066,NA,6394,344,223,4029,2365,1963,2730,233,150,522,1434,2040,4631,4450,1862,2588,4693
185572,Monmouth University,2014,67,4634,NJ,34,2,4-year,Private not-for-profit,1,1,"Degree-granting, primarily baccalaureate or above",3,-74.006447,40.280066,NA,6395,351,215,4073,2322,1878,2756,218,129,469,1398,2119,4703,4370,1775,2595,4634
185572,Monmouth University,2013,61,4607,NJ,34,2,4-year,Private not-for-profit,1,1,"Degree-granting, primarily baccalaureate or above",3,-74.006447,40.280066,NA,6316,334,203,4031,2285,1881,2726,208,116,430,1434,2109,4715,4304,1761,2543,4607
157401,Murray State University,2019,55,NA,KY,21,1,4-year,Public,1,1,"Degree-granting, primarily baccalaureate or above",3,-88.323629,36.612419,NA,9556,551,72,5956,3600,3145,4994,460,59,184,2508,4052,7684,6190,2450,3740,8139
157401,Murray State University,2018,55,8142,KY,21,1,4-year,Public,1,1,"Degree-granting, primarily baccalaureate or above",3,-88.323629,36.612419,NA,9454,554,79,5740,3714,3237,4819,461,61,176,2619,3968,7689,6236,2529,3707,8056
157401,Murray State University,2017,49,8636,KY,21,1,4-year,Public,1,1,"Degree-granting, primarily baccalaureate or above",4,-88.323629,36.612419,NA,10012,587,97,6019,3993,3439,5120,498,75,161,2778,4242,8134,6584,2731,3853,8559
157401,Murray State University,2016,49,8886,KY,21,1,4-year,Public,1,1,"Degree-granting, primarily baccalaureate or above",4,-88.323629,36.612419,NA,10486,669,106,6150,4336,3683,5194,565,88,168,2915,4294,8361,6980,2982,3998,8877
157401,Murray State University,2015,49,9268,KY,21,1,4-year,Public,1,1,"Degree-granting, primarily baccalaureate or above",4,-88.323493,36.61241,NA,10998,744,103,6491,4507,3815,5453,631,83,183,2980,4520,8685,7162,3038,4124,9268
157401,Murray State University,2014,52,9444,KY,21,1,4-year,Public,1,1,"Degree-granting, primarily baccalaureate or above",4,-88.323493,36.61241,NA,11207,776,99,6571,4636,3938,5506,664,81,173,3116,4604,8937,7370,3106,4264,9444
157401,Murray State University,2013,53,9172,KY,21,1,4-year,Public,1,1,"Degree-granting, primarily baccalaureate or above",4,-88.323493,36.61241,NA,10943,740,97,6479,4464,3810,5362,620,84,163,3052,4455,8799,7153,3044,4109,9172
199193,North Carolina State University at Raleigh,2019,82,NA,NC,37,1,4-year,Public,1,1,"Degree-granting, primarily baccalaureate or above",5,-78.674517,35.785111,NA,36304,2258,2432,17290,19014,13633,12340,1515,1980,1612,9130,8192,22406,22820,11875,10945,25973
199193,North Carolina State University at Raleigh,2018,81,25199,NC,37,1,4-year,Public,1,1,"Degree-granting, primarily baccalaureate or above",5,-78.674517,35.785111,NA,35479,2055,2282,16562,18917,13461,11738,1386,1795,1406,9191,7711,21909,22317,11793,10524,25199
199193,North Carolina State University at Raleigh,2017,79,24150,NC,37,1,4-year,Public,1,1,"Degree-granting, primarily baccalaureate or above",5,-78.674517,35.785111,NA,34432,2038,1924,15741,18691,13191,10959,1407,1508,1221,9296,7404,21687,21384,11581,9803,24150
199193,North Carolina State University at Raleigh,2016,77,23827,NC,37,1,4-year,Public,1,1,"Degree-granting, primarily baccalaureate or above",5,-78.674517,35.785111,NA,33755,2075,1762,15194,18561,13060,10767,1441,1404,1125,9557,7490,22168,20951,11400,9551,23827
199193,North Carolina State University at Raleigh,2015,75,24111,NC,37,1,4-year,Public,1,1,"Degree-granting, primarily baccalaureate or above",5,-78.674517,35.785111,NA,34015,2164,1628,15246,18769,13295,10816,1528,1288,1124,9872,7656,22593,21023,11473,9550,24111
199193,North Carolina State University at Raleigh,2014,75,24473,NC,37,1,4-year,Public,1,1,"Degree-granting, primarily baccalaureate or above",5,-78.674517,35.785111,NA,33989,2212,1679,15044,18945,13712,10761,1616,1351,1095,10333,7629,22910,21402,11885,9517,24473
199193,North Carolina State University at Raleigh,2013,74,24536,NC,37,1,4-year,Public,1,1,"Degree-granting, primarily baccalaureate or above",5,-78.674517,35.785111,NA,34009,2314,1644,15096,18913,13761,10775,1720,1315,1026,10517,7727,23586,21469,11953,9516,24536
147767,Northwestern University,2019,94,NA,IL,17,2,4-year,Private not-for-profit,1,1,"Degree-granting, primarily baccalaureate or above",5,-87.679858,42.050356,NA,22448,1192,3244,11339,11109,4214,4468,501,1566,1074,1891,1942,9633,8284,4050,4234,8682
147767,Northwestern University,2018,95,8642,IL,17,2,4-year,Private not-for-profit,1,1,"Degree-granting, primarily baccalaureate or above",5,-87.679858,42.050356,NA,22127,1170,3112,11019,11108,4192,4450,512,1487,1066,1959,1959,9673,8161,4014,4147,8642
147767,Northwestern University,2017,94,8700,IL,17,2,4-year,Private not-for-profit,1,1,"Degree-granting, primarily baccalaureate or above",5,-87.679858,42.050356,NA,22008,1121,3018,10751,11257,4284,4416,516,1467,1072,2077,1996,9726,8205,4065,4140,8700
147767,Northwestern University,2016,94,8791,IL,17,2,4-year,Private not-for-profit,1,1,"Degree-granting, primarily baccalaureate or above",5,-87.679858,42.050356,NA,21823,1090,2939,10487,11336,4352,4439,514,1493,1074,2185,2050,9838,8298,4146,4152,8791
147767,Northwestern University,2015,93,8839,IL,17,2,4-year,Private not-for-profit,1,1,"Degree-granting, primarily baccalaureate or above",5,-87.673653,42.058377,NA,21655,1073,2892,10223,11432,4415,4424,523,1519,999,2293,2136,10070,8247,4139,4108,8839
147767,Northwestern University,2014,93,9048,IL,17,2,4-year,Private not-for-profit,1,1,"Degree-granting, primarily baccalaureate or above",5,-87.673653,42.058377,NA,21554,1058,2865,10109,11445,4456,4592,523,1512,961,2392,2339,10394,8398,4159,4239,9048
147767,Northwestern University,2013,94,9283,IL,17,2,4-year,Private not-for-profit,1,1,"Degree-granting, primarily baccalaureate or above",5,-87.673653,42.058377,NA,21592,1030,2856,10103,11489,4518,4765,529,1548,884,2486,2489,10786,8489,4166,4323,9283
204796,Ohio State University-Main Campus,2019,86,NA,OH,39,1,4-year,Public,1,1,"Degree-granting, primarily baccalaureate or above",5,-83.014853,39.999324,NA,61391,3953,4409,31110,30281,23982,22836,3138,3598,2234,15864,14789,38996,42776,21877,20899,46818
204796,Ohio State University-Main Campus,2018,84,46820,OH,39,1,4-year,Public,1,1,"Degree-granting, primarily baccalaureate or above",5,-83.014853,39.999324,NA,61170,3713,4161,30775,30395,24041,22779,2950,3340,2040,16177,14998,39360,42831,21958,20873,46820
204796,Ohio State University-Main Campus,2017,83,45946,OH,39,1,4-year,Public,1,1,"Degree-granting, primarily baccalaureate or above",5,-83.014853,39.999324,NA,59837,3401,3885,29694,30143,23836,22110,2663,3119,1903,16414,15009,39653,42003,21719,20284,45946
204796,Ohio State University-Main Campus,2016,84,45831,OH,39,1,4-year,Public,1,1,"Degree-granting, primarily baccalaureate or above",5,-83.009001,39.998389,NA,59482,3168,3718,29505,29977,23768,22063,2537,2968,1766,16642,15117,39901,41862,21651,20211,45831
204796,Ohio State University-Main Campus,2015,83,45289,OH,39,1,4-year,Public,1,1,"Degree-granting, primarily baccalaureate or above",5,-83.009001,39.998389,NA,58663,3139,3533,28892,29771,23636,21653,2538,2771,1705,16882,15079,39893,41117,21421,19696,45289
204796,Ohio State University-Main Campus,2014,83,44741,OH,39,1,4-year,Public,1,1,"Degree-granting, primarily baccalaureate or above",5,-83.009001,39.998389,NA,58322,3108,3339,28658,29664,23470,21271,2544,2558,1551,17085,14976,40283,40613,21205,19408,44741
204796,Ohio State University-Main Campus,2013,83,44201,OH,39,1,4-year,Public,1,1,"Degree-granting, primarily baccalaureate or above",5,-83.009001,39.998389,NA,57466,3242,3192,28045,29421,23282,20919,2688,2432,1487,17133,14699,39874,40020,20989,19031,44201
204857,Ohio University-Main Campus,2019,65,NA,OH,39,1,4-year,Public,1,1,"Degree-granting, primarily baccalaureate or above",5,-82.100985,39.326798,NA,27367,1603,534,16120,11247,8311,12678,1162,302,728,6810,10388,21504,16209,7261,8948,20989
204857,Ohio University-Main Campus,2018,64,22309,OH,39,1,4-year,Public,1,1,"Degree-granting, primarily baccalaureate or above",5,-82.100985,39.326798,NA,28480,1654,507,16618,11862,8833,13476,1251,293,725,7273,11120,22551,17046,7768,9278,22309
204857,Ohio University-Main Campus,2017,64,23167,OH,39,1,4-year,Public,1,1,"Degree-granting, primarily baccalaureate or above",5,-82.100985,39.326798,NA,29369,1706,470,16970,12399,9320,13847,1292,262,686,7746,11468,23335,17695,8279,9416,23167
204857,Ohio University-Main Campus,2016,64,23585,OH,39,1,4-year,Public,1,1,"Degree-granting, primarily baccalaureate or above",5,-82.100985,39.326798,NA,29509,1638,438,17072,12437,9421,14164,1257,249,669,7816,11807,23566,17866,8335,9531,23585
204857,Ohio University-Main Campus,2015,67,23513,OH,39,1,4-year,Public,1,1,"Degree-granting, primarily baccalaureate or above",5,-82.101064,39.326799,NA,29012,1497,371,16672,12340,9491,13877,1159,209,640,7748,11623,23137,17717,8447,9270,23368
204857,Ohio University-Main Campus,2014,67,23571,OH,39,1,4-year,Public,1,1,"Degree-granting, primarily baccalaureate or above",5,-82.101064,39.326799,NA,29217,1488,355,16965,12252,9472,14099,1146,203,599,7736,11834,23337,17019,8170,8849,23571
204857,Ohio University-Main Campus,2013,67,23504,OH,39,1,4-year,Public,1,1,"Degree-granting, primarily baccalaureate or above",5,-82.101064,39.326799,NA,28786,1392,357,16899,11887,9464,14040,1104,219,563,7709,11841,23140,16756,8127,8629,23504
214777,Pennsylvania State University-Main Campus,2019,71,NA,PA,42,1,4-year,Public,1,1,"Degree-granting, primarily baccalaureate or above",5,-77.862848,40.7965,NA,91427,4948,5675,42305,49122,41089,35010,4289,4873,5825,26903,22536,58001,66409,36025,30384,76099
214777,Pennsylvania State University-Main Campus,2018,85,76646,PA,42,1,4-year,Public,1,1,"Degree-granting, primarily baccalaureate or above",5,-77.862848,40.7965,NA,46810,1918,2671,21825,24985,21482,18881,1729,2457,2687,13997,12444,29223,39321,20817,18504,40363
214777,Pennsylvania State University-Main Campus,2017,85,40835,PA,42,1,4-year,Public,1,1,"Degree-granting, primarily baccalaureate or above",5,-77.862848,40.7965,NA,47119,1974,2719,21907,25212,21761,19074,1779,2520,2676,14361,12578,29592,39785,21125,18660,40835
214777,Pennsylvania State University-Main Campus,2016,86,41359,PA,42,1,4-year,Public,1,1,"Degree-granting, primarily baccalaureate or above",5,-77.861644,40.800731999999996,NA,47789,1912,2829,22127,25662,22145,19214,1722,2636,2499,14854,12929,30540,40139,21373,18766,41359
214777,Pennsylvania State University-Main Campus,2015,86,40742,PA,42,1,4-year,Public,1,1,"Degree-granting, primarily baccalaureate or above",5,-77.861644,40.800731999999996,NA,47307,1895,2732,21819,25488,21899,18843,1699,2511,2412,15105,12778,30816,39520,21138,18382,40742
214777,Pennsylvania State University-Main Campus,2014,86,40541,PA,42,1,4-year,Public,1,1,"Degree-granting, primarily baccalaureate or above",5,-77.861644,40.800731999999996,NA,47040,1823,2624,21699,25341,21778,18763,1620,2423,2224,15450,13049,31453,39357,21078,18279,40541
214777,Pennsylvania State University-Main Campus,2013,85,40085,PA,42,1,4-year,Public,1,1,"Degree-granting, primarily baccalaureate or above",5,-77.861644,40.800731999999996,NA,46615,1928,2406,21525,25090,21527,18558,1708,2196,2183,15584,13250,31888,38826,20795,18031,40085
136950,Rollins College,2019,74,NA,FL,12,2,4-year,Private not-for-profit,1,1,"Degree-granting, primarily baccalaureate or above",2,-81.349239,28.592787,NA,3127,153,108,1876,1251,1034,1564,124,86,527,582,829,1710,2482,979,1503,2598
136950,Rollins College,2018,74,2571,FL,12,2,4-year,Private not-for-profit,1,1,"Degree-granting, primarily baccalaureate or above",2,-81.349239,28.592787,NA,3127,170,106,1877,1250,1031,1540,128,85,517,589,819,1719,2433,975,1458,2571
136950,Rollins College,2017,75,2612,FL,12,2,4-year,Private not-for-profit,1,1,"Degree-granting, primarily baccalaureate or above",2,-81.349239,28.592787,NA,3278,180,109,1948,1330,1049,1563,127,88,498,593,860,1804,2453,972,1481,2612
136950,Rollins College,2016,72,2642,FL,12,2,4-year,Private not-for-profit,1,1,"Degree-granting, primarily baccalaureate or above",2,-81.348716,28.591992,NA,3240,171,102,1907,1333,1076,1566,132,83,457,640,908,1847,2450,990,1460,2642
136950,Rollins College,2015,71,2687,FL,12,2,4-year,Private not-for-profit,1,1,"Degree-granting, primarily baccalaureate or above",2,-81.348716,28.591992,NA,3260,189,102,1906,1354,1105,1582,144,78,436,673,964,1967,2480,1021,1459,2687
136950,Rollins College,2014,71,2670,FL,12,2,4-year,Private not-for-profit,1,1,"Degree-granting, primarily baccalaureate or above",2,-81.348716,28.591992,NA,3207,197,95,1880,1327,1093,1577,163,68,417,684,981,2026,2452,997,1455,2670
136950,Rollins College,2013,67,2608,FL,12,2,4-year,Private not-for-profit,1,1,"Degree-granting, primarily baccalaureate or above",2,-81.348716,28.591992,NA,3153,196,91,1865,1288,1052,1556,163,66,417,674,969,2033,2366,960,1406,2608
186380,Rutgers University-New Brunswick,2019,84,NA,NJ,34,1,4-year,Public,1,1,"Degree-granting, primarily baccalaureate or above",5,-74.446251,40.498769,NA,50173,3650,12509,26807,23366,18098,18060,2298,10392,4647,6761,6266,18812,34285,17214,17071,36158
186380,Rutgers University-New Brunswick,2018,80,36039,NJ,34,1,4-year,Public,1,1,"Degree-granting, primarily baccalaureate or above",5,-74.446251,40.498769,NA,50254,3838,12024,26887,23367,17862,18177,2497,9890,4722,6987,6542,19556,34052,16947,17105,36039
186380,Rutgers University-New Brunswick,2017,80,35641,NJ,34,1,4-year,Public,1,1,"Degree-granting, primarily baccalaureate or above",5,-74.446251,40.498769,NA,49577,3876,11555,26459,23118,17728,17913,2562,9449,4669,7173,6661,19723,33677,16862,16815,35641
186380,Rutgers University-New Brunswick,2016,80,36168,NJ,34,1,4-year,Public,1,1,"Degree-granting, primarily baccalaureate or above",5,-74.446251,40.498769,NA,50146,4029,11365,26731,23415,17926,18242,2717,9289,4740,7557,6909,20329,34020,17016,17004,36168
186380,Rutgers University-New Brunswick,2015,80,35484,NJ,34,1,4-year,Public,1,1,"Degree-granting, primarily baccalaureate or above",5,-74.45051,40.503796,NA,49428,3931,11108,26388,23040,17580,17904,2645,9071,4558,7761,6964,20629,33392,16700,16692,35484
186380,Rutgers University-New Brunswick,2014,81,36016,NJ,34,1,4-year,Public,1,1,"Degree-granting, primarily baccalaureate or above",5,-74.45051,40.503796,NA,48378,3874,10850,25878,22500,17144,17400,2577,8853,4291,7828,7082,20916,32411,16238,16173,34544
186380,Rutgers University-New Brunswick,2013,80,34983,NJ,34,1,4-year,Public,1,1,"Degree-granting, primarily baccalaureate or above",5,-74.45051,40.503796,NA,48036,3891,10595,25769,22267,16856,17045,2595,8587,4138,8075,7187,21530,31759,15975,15784,33901
122409,San Diego State University,2019,73,NA,CA,6,1,4-year,Public,1,1,"Degree-granting, primarily baccalaureate or above",5,-117.071228,32.77525,NA,35544,1394,4462,19926,15618,13845,17003,1243,4030,9793,4649,5750,12158,27638,12234,15404,30848
122409,San Diego State University,2018,74,30586,CA,6,1,4-year,Public,1,1,"Degree-granting, primarily baccalaureate or above",5,-117.071228,32.77525,NA,35303,1361,4515,19629,15674,13862,16724,1200,4061,9519,4612,5536,11927,27453,12313,15140,30586
122409,San Diego State University,2017,74,30272,CA,6,1,4-year,Public,1,1,"Degree-granting, primarily baccalaureate or above",5,-117.071228,32.77525,NA,35135,1342,4471,19395,15740,13845,16404,1194,4015,9307,4598,5479,11937,27040,12325,14715,30249
122409,San Diego State University,2016,73,29860,CA,6,1,4-year,Public,1,1,"Degree-granting, primarily baccalaureate or above",5,-117.071228,32.77525,NA,34688,1356,4437,19143,15545,13649,16211,1200,4032,9248,4583,5314,11709,26790,12180,14610,29860
122409,San Diego State University,2015,68,29253,CA,6,1,4-year,Public,1,1,"Degree-granting, primarily baccalaureate or above",5,-117.071228,32.77525,NA,34254,1267,4433,18953,15301,13331,15922,1115,3991,9021,4483,5333,11669,26010,11867,14143,29253
122409,San Diego State University,2014,66,28394,CA,6,1,4-year,Public,1,1,"Degree-granting, primarily baccalaureate or above",5,-117.071228,32.77525,NA,33483,1162,4183,18661,14822,12798,15596,1015,3715,8708,4390,5377,11723,25096,11272,13824,28394
122409,San Diego State University,2013,66,27099,CA,6,1,4-year,Public,1,1,"Degree-granting, primarily baccalaureate or above",5,-117.071228,32.77525,NA,31899,1191,4214,17739,14160,12246,14853,1029,3748,7901,4445,5498,12007,24037,10764,13273,27099
196413,Syracuse University,2019,83,NA,NY,36,2,4-year,Private not-for-profit,1,1,"Degree-granting, primarily baccalaureate or above",5,-76.136975,43.040176,NA,22850,1590,1311,11842,11008,7119,8156,980,970,1441,4022,4561,12003,14727,6827,7900,15275
196413,Syracuse University,2018,83,15226,NY,36,2,4-year,Private not-for-profit,1,1,"Degree-granting, primarily baccalaureate or above",5,-76.136975,43.040176,NA,22803,1575,1400,11900,10903,7008,8218,987,1043,1393,4049,4613,12131,14655,6727,7928,15226
196413,Syracuse University,2017,83,15252,NY,36,2,4-year,Private not-for-profit,1,1,"Degree-granting, primarily baccalaureate or above",5,-76.136975,43.040176,NA,22484,1640,1332,11807,10677,7026,8226,1099,1037,1441,4079,4630,12042,14675,6749,7926,15252
196413,Syracuse University,2016,82,15218,NY,36,2,4-year,Private not-for-profit,1,1,"Degree-granting, primarily baccalaureate or above",5,-76.136975,43.040176,NA,21970,1626,1341,11630,10340,6945,8273,1170,1101,1509,4025,4571,11708,14607,6635,7972,15218
196413,Syracuse University,2015,81,15196,NY,36,2,4-year,Private not-for-profit,1,1,"Degree-granting, primarily baccalaureate or above",5,-76.136633,43.040005,NA,21789,1620,1370,11603,10186,6873,8323,1233,1157,1569,3889,4524,11360,14566,6566,8000,15196
196413,Syracuse University,2014,80,15224,NY,36,2,4-year,Private not-for-profit,1,1,"Degree-granting, primarily baccalaureate or above",5,-76.136738,43.040525,NA,21492,1656,1354,11592,9900,6820,8404,1342,1159,1609,3904,4557,11258,14532,6487,8045,15224
196413,Syracuse University,2013,81,15097,NY,36,2,4-year,Private not-for-profit,1,1,"Degree-granting, primarily baccalaureate or above",5,-76.136738,43.040525,NA,21267,1635,1416,11478,9789,6755,8342,1328,1204,1606,3886,4486,11366,14422,6448,7974,15097
228459,Texas State University,2019,54,NA,TX,48,1,4-year,Public,1,1,"Degree-granting, primarily baccalaureate or above",5,-97.943029,29.888885,NA,38187,3487,1011,22506,15681,14193,19724,3188,861,13515,6527,8205,16927,27923,11430,16493,33917
228459,Texas State University,2018,55,34187,TX,48,1,4-year,Public,1,1,"Degree-granting, primarily baccalaureate or above",5,-97.943029,29.888885,NA,38644,3701,981,22599,16045,14466,19721,3374,836,13151,6682,8504,17508,28042,11625,16417,34187
228459,Texas State University,2017,54,34180,TX,48,1,4-year,Public,1,1,"Degree-granting, primarily baccalaureate or above",5,-97.943029,29.888885,NA,38666,3679,903,22556,16110,14540,19640,3333,757,12755,6876,8841,18090,28019,11701,16318,34180
228459,Texas State University,2016,54,34244,TX,48,1,4-year,Public,1,1,"Degree-granting, primarily baccalaureate or above",5,-97.936392,29.889202,NA,38808,3597,897,22485,16323,14676,19568,3269,771,12304,7155,9086,18662,28180,11896,16284,34244
228459,Texas State University,2015,53,33480,TX,48,1,4-year,Public,1,1,"Degree-granting, primarily baccalaureate or above",5,-97.936392,29.889202,NA,37979,3299,893,21860,16119,14394,19086,3018,747,11586,7282,9142,18889,27369,11519,15850,33480
228459,Texas State University,2014,55,32177,TX,48,1,4-year,Public,1,1,"Degree-granting, primarily baccalaureate or above",5,-97.936392,29.889202,NA,36739,2931,819,20852,15887,14157,18020,2661,680,10647,7449,8974,18983,26234,11340,14894,32177
228459,Texas State University,2013,57,31005,TX,48,1,4-year,Public,1,1,"Degree-granting, primarily baccalaureate or above",5,-97.936392,29.889202,NA,35546,2456,699,20068,15478,13758,17247,2199,572,9748,7568,9097,19293,25683,11207,14476,31005
228769,The University of Texas at Arlington,2019,51,NA,TX,48,1,4-year,Public,1,1,"Degree-granting, primarily baccalaureate or above",5,-97.11296,32.729718,NA,48635,6690,5218,30570,18065,13434,21386,5006,4258,10399,4179,7147,16412,19441,9048,10393,34820
228769,The University of Texas at Arlington,2018,49,34472,TX,48,1,4-year,Public,1,1,"Degree-granting, primarily baccalaureate or above",5,-97.11296,32.729718,NA,47899,6771,4893,30003,17896,13288,21184,5015,4006,9880,4394,7629,16972,19326,8935,10391,34472
228769,The University of Texas at Arlington,2017,50,33307,TX,48,1,4-year,Public,1,1,"Degree-granting, primarily baccalaureate or above",5,-97.11296,32.729718,NA,46497,6598,4607,28771,17726,12989,20318,4924,3783,9138,4477,7618,16864,17819,8559,9260,33307
228769,The University of Texas at Arlington,2016,48,32775,TX,48,1,4-year,Public,1,1,"Degree-granting, primarily baccalaureate or above",5,-97.115087,32.728437,NA,45282,6294,4406,27779,17503,12587,20188,4780,3691,8580,4536,8072,16906,16679,8047,8632,32775
228769,The University of Texas at Arlington,2015,46,30633,TX,48,1,4-year,Public,1,1,"Degree-granting, primarily baccalaureate or above",5,-97.115087,32.728437,NA,41988,5746,4071,24958,17030,12162,18471,4427,3508,7594,4637,7592,16161,16416,8000,8416,30633
228769,The University of Texas at Arlington,2014,42,29883,TX,48,1,4-year,Public,1,1,"Degree-granting, primarily baccalaureate or above",5,-97.115087,32.728437,NA,39740,5602,3704,23733,16007,11869,18014,4412,3205,7116,4761,7622,16153,15957,7650,8307,29883
228769,The University of Texas at Arlington,2013,40,25690,TX,48,1,4-year,Public,1,1,"Degree-granting, primarily baccalaureate or above",5,-97.115087,32.728437,NA,33329,4664,3466,18642,14687,11309,14381,3763,3024,6536,4676,5541,13328,15938,7634,8304,25690
168148,Tufts University,2019,94,NA,MA,25,2,4-year,Private not-for-profit,1,1,"Degree-granting, primarily baccalaureate or above",4,-71.118293,42.40855,NA,11878,555,1670,6632,5246,2774,3133,254,845,433,1520,1598,6174,5742,2686,3056,5907
168148,Tufts University,2018,93,5643,MA,25,2,4-year,Private not-for-profit,1,1,"Degree-granting, primarily baccalaureate or above",4,-71.118293,42.40855,NA,11586,506,1542,6475,5111,2697,2946,240,736,389,1559,1543,6214,5508,2627,2881,5643
168148,Tufts University,2017,93,5541,MA,25,2,4-year,Private not-for-profit,1,1,"Degree-granting, primarily baccalaureate or above",4,-71.120316,42.408465,NA,11449,467,1474,6347,5102,2718,2823,223,655,378,1595,1528,6230,5483,2694,2789,5541
168148,Tufts University,2016,92,5508,MA,25,2,4-year,Private not-for-profit,1,1,"Degree-granting, primarily baccalaureate or above",4,-71.120316,42.408465,NA,11489,453,1447,6363,5126,2734,2774,231,652,365,1617,1473,6212,5435,2701,2734,5508
168148,Tufts University,2015,93,5290,MA,25,2,4-year,Private not-for-profit,1,1,"Degree-granting, primarily baccalaureate or above",4,-71.121689,42.406994,NA,11137,385,1377,6135,5002,2635,2655,202,593,331,1622,1434,6158,5215,2603,2612,5290
168148,Tufts University,2014,92,5177,MA,25,2,4-year,Private not-for-profit,1,1,"Degree-granting, primarily baccalaureate or above",4,-71.120641,42.406004,NA,10907,368,1353,5941,4966,2559,2618,208,567,346,1561,1396,5913,5127,2532,2595,5177
168148,Tufts University,2013,92,5180,MA,25,2,4-year,Private not-for-profit,1,1,"Degree-granting, primarily baccalaureate or above",4,-71.120641,42.406004,NA,10872,345,1327,5927,4945,2556,2624,204,562,331,1523,1388,5955,5138,2537,2601,5180
196088,University at Buffalo,2019,75,NA,NY,36,1,4-year,Public,1,1,"Degree-granting, primarily baccalaureate or above",5,-78.789458,43.000942,NA,31923,2338,4188,14771,17152,12308,9613,1843,3377,1603,6094,4300,15086,20401,11549,8852,21921
196088,University at Buffalo,2018,76,21607,NY,36,1,4-year,Public,1,1,"Degree-granting, primarily baccalaureate or above",5,-78.789458,43.000942,NA,31503,2144,4004,14450,17053,12193,9414,1718,3214,1600,6048,4164,14766,19941,11407,8534,21607
196088,University at Buffalo,2017,75,21020,NY,36,1,4-year,Public,1,1,"Degree-granting, primarily baccalaureate or above",5,-78.789458,43.000942,NA,30648,1980,3762,13966,16682,11963,9057,1582,3029,1534,5981,3967,14432,19401,11172,8229,21020
196088,University at Buffalo,2016,74,20412,NY,36,1,4-year,Public,1,1,"Degree-granting, primarily baccalaureate or above",5,-78.789458,43.000942,NA,30184,1892,3533,13814,16370,11597,8815,1499,2888,1375,5818,3910,14302,18824,10843,7981,20412
196088,University at Buffalo,2015,74,19953,NY,36,1,4-year,Public,1,1,"Degree-granting, primarily baccalaureate or above",5,-78.790103,43.001433,NA,29796,1832,3464,13839,15957,11127,8826,1469,2822,1273,5602,3881,14179,18452,10432,8020,19953
196088,University at Buffalo,2014,72,19828,NY,36,1,4-year,Public,1,1,"Degree-granting, primarily baccalaureate or above",5,-78.790103,43.001433,NA,29995,1726,3322,14116,15879,10815,9067,1374,2702,1209,5505,4114,14311,18166,10027,8139,19882
196088,University at Buffalo,2013,72,20096,NY,36,1,4-year,Public,1,1,"Degree-granting, primarily baccalaureate or above",5,-78.790103,43.001433,NA,29850,1688,3144,14046,15804,10773,9058,1346,2535,1314,5578,4196,14463,18091,9945,8146,19831
110635,University of California-Berkeley,2019,93,NA,CA,6,1,4-year,Public,1,1,"Degree-granting, primarily baccalaureate or above",5,-122.260463,37.871918,NA,43185,920,13026,22394,20791,14431,16917,601,11138,5043,3483,4029,11569,29991,13825,16166,31348
110635,University of California-Berkeley,2018,91,30853,CA,6,1,4-year,Public,1,1,"Degree-granting, primarily baccalaureate or above",5,-122.260463,37.871918,NA,42501,842,12501,21635,20866,14622,16231,570,10830,4701,3707,3965,11678,29570,14000,15570,30853
110635,University of California-Berkeley,2017,91,30574,CA,6,1,4-year,Public,1,1,"Degree-granting, primarily baccalaureate or above",5,-122.260463,37.871918,NA,41891,828,12158,21182,20709,14608,15966,535,10555,4731,3860,4007,11970,29351,14016,15335,30574
110635,University of California-Berkeley,2016,92,29310,CA,6,1,4-year,Public,1,1,"Degree-granting, primarily baccalaureate or above",5,-122.260463,37.871918,NA,40154,877,11963,20105,20049,14165,15145,575,10382,4292,3859,3854,11797,28108,13575,14533,29310
110635,University of California-Berkeley,2015,92,27496,CA,6,1,4-year,Public,1,1,"Degree-granting, primarily baccalaureate or above",5,-122.260423,37.871969,NA,38189,883,11322,19223,18966,13183,14313,583,9697,3875,3677,3717,11447,26622,12756,13866,27496
110635,University of California-Berkeley,2014,91,27126,CA,6,1,4-year,Public,1,1,"Degree-granting, primarily baccalaureate or above",5,-122.260401,37.871519,NA,37565,886,11172,18851,18714,12989,14137,567,9519,3754,3726,3754,11519,26320,12598,13722,27126
110635,University of California-Berkeley,2013,91,25951,CA,6,1,4-year,Public,1,1,"Degree-granting, primarily baccalaureate or above",5,-122.260401,37.871519,NA,36198,888,10680,18099,18099,12490,13461,573,9066,3425,3722,3691,11344,25220,12146,13074,25951
132903,University of Central Florida,2019,72,NA,FL,12,1,4-year,Public,1,1,"Degree-granting, primarily baccalaureate or above",5,-81.200889,28.602159,NA,69402,7442,4428,38280,31122,26976,32395,6375,3822,16818,12842,14640,32460,42468,19373,23095,59371
132903,University of Central Florida,2018,73,58821,FL,12,1,4-year,Public,1,1,"Degree-granting, primarily baccalaureate or above",5,-81.200889,28.602159,NA,68475,7531,4306,37641,30834,26800,32021,6520,3681,16169,13066,14794,32699,41852,19161,22691,58821
132903,University of Central Florida,2017,70,56853,FL,12,1,4-year,Public,1,1,"Degree-granting, primarily baccalaureate or above",5,-81.200889,28.602159,NA,66059,7316,4007,36266,29793,25979,30874,6349,3454,14953,13117,14742,32470,39962,18222,21740,56853
132903,University of Central Florida,2016,69,55723,FL,12,1,4-year,Public,1,1,"Degree-granting, primarily baccalaureate or above",5,-81.198805,28.60106,NA,64088,7113,3781,35157,28931,25340,30383,6311,3316,14072,13288,15041,32577,38508,17529,20979,55723
132903,University of Central Florida,2015,70,54662,FL,12,1,4-year,Public,1,1,"Degree-granting, primarily baccalaureate or above",5,-81.198805,28.60106,NA,62953,6865,3659,34671,28282,24778,29884,6101,3205,13075,13508,15458,33230,37661,17102,20559,54662
132903,University of Central Florida,2014,70,52671,FL,12,1,4-year,Public,1,1,"Degree-granting, primarily baccalaureate or above",5,-81.198805,28.60106,NA,60767,6400,3343,33482,27285,23819,28852,5711,2949,12110,13421,15589,33293,36477,16593,19884,52671
132903,University of Central Florida,2013,67,51333,FL,12,1,4-year,Public,1,1,"Degree-granting, primarily baccalaureate or above",5,-81.198805,28.60106,NA,59589,6138,3267,32745,26844,23288,28045,5404,2880,11055,13599,15710,33825,36229,16510,19719,51333
142285,University of Idaho,2019,56,NA,ID,16,1,4-year,Public,1,1,"Degree-granting, primarily baccalaureate or above",4,-117.014167,46.727406,NA,11926,133,202,5950,5976,4633,4759,103,157,957,3333,3429,8437,6749,3446,3303,9392
142285,University of Idaho,2018,59,9568,ID,16,1,4-year,Public,1,1,"Degree-granting, primarily baccalaureate or above",4,-117.014167,46.727406,NA,11841,133,182,5782,6059,4799,4769,101,141,1003,3391,3411,8338,6984,3617,3367,9568
142285,University of Idaho,2017,55,9885,ID,16,1,4-year,Public,1,1,"Degree-granting, primarily baccalaureate or above",4,-117.014167,46.727406,NA,12072,158,197,5896,6176,4968,4917,120,162,1047,3491,3442,8464,7166,3744,3422,9885
142285,University of Idaho,2016,56,9586,ID,16,1,4-year,Public,1,1,"Degree-granting, primarily baccalaureate or above",4,-117.024296,46.726894,NA,11780,165,210,5647,6133,4921,4665,131,169,956,3555,3332,8453,7269,3890,3379,9586
142285,University of Idaho,2015,57,9116,ID,16,1,4-year,Public,1,1,"Degree-granting, primarily baccalaureate or above",4,-117.024296,46.726894,NA,11372,157,165,5377,5995,4738,4378,121,123,891,3444,3240,8307,7400,3943,3457,9116
142285,University of Idaho,2014,58,8615,ID,16,1,4-year,Public,1,1,"Degree-granting, primarily baccalaureate or above",4,-117.024296,46.726894,NA,11702,142,161,5482,6220,4883,4400,110,116,806,3680,3384,8853,7718,4162,3556,9283
142285,University of Idaho,2013,54,8880,ID,16,1,4-year,Public,1,1,"Degree-granting, primarily baccalaureate or above",4,-117.024296,46.726894,NA,12024,129,181,5622,6402,5012,4528,95,137,774,3920,3574,9346,8011,4295,3716,9540
153658,University of Iowa,2019,72,NA,IA,19,1,4-year,Public,1,1,"Degree-granting, primarily baccalaureate or above",5,-91.536425,41.661935,NA,31240,940,1425,16733,14507,10830,12652,692,976,1847,7927,9389,22338,21212,9717,11495,23482
153658,University of Iowa,2018,73,23989,IA,19,1,4-year,Public,1,1,"Degree-granting, primarily baccalaureate or above",5,-91.536425,41.661935,NA,31656,974,1446,16789,14867,11191,12798,727,1016,1835,7988,9369,22334,21690,10075,11615,23989
153658,University of Iowa,2017,74,24503,IA,19,1,4-year,Public,1,1,"Degree-granting, primarily baccalaureate or above",5,-91.536425,41.661935,NA,32166,1031,1452,16876,15290,11561,12942,801,1021,1831,8141,9189,22315,21222,9981,11241,24503
153658,University of Iowa,2016,72,24476,IA,19,1,4-year,Public,1,1,"Degree-granting, primarily baccalaureate or above",5,-91.536425,41.661935,NA,32011,1030,1380,16665,15346,11624,12852,816,982,1815,7930,8853,21682,20868,9906,10962,24476
153658,University of Iowa,2015,72,23357,IA,19,1,4-year,Public,1,1,"Degree-granting, primarily baccalaureate or above",5,-91.535698,41.660695,NA,30844,959,1238,15946,14898,11227,12130,750,870,1669,7443,8299,20558,19911,9501,10410,23357
153658,University of Iowa,2014,70,22354,IA,19,1,4-year,Public,1,1,"Degree-granting, primarily baccalaureate or above",5,-91.535698,41.660695,NA,29970,853,1056,15461,14509,10794,11560,648,710,1416,7227,7995,20118,19546,9384,10162,22354
153658,University of Iowa,2013,70,21974,IA,19,1,4-year,Public,1,1,"Degree-granting, primarily baccalaureate or above",5,-91.535698,41.660695,NA,29748,818,1010,15376,14372,10550,11424,594,671,1270,7490,8190,20741,19522,9390,10132,21974
155317,University of Kansas,2019,67,NA,KS,20,1,4-year,Public,1,1,"Degree-granting, primarily baccalaureate or above",5,-95.247567,38.958549,NA,27552,1132,1327,14794,12758,9394,10273,833,953,1725,6529,7262,18890,17257,8274,8983,19667
155317,University of Kansas,2018,65,19596,KS,20,1,4-year,Public,1,1,"Degree-granting, primarily baccalaureate or above",5,-95.247567,38.958549,NA,27690,1150,1287,14693,12997,9477,10119,826,930,1645,6589,7206,19151,17333,8393,8940,19596
155317,University of Kansas,2017,63,19338,KS,20,1,4-year,Public,1,1,"Degree-granting, primarily baccalaureate or above",5,-95.247567,38.958549,NA,27625,1141,1245,14566,13059,9431,9907,811,916,1530,6599,7070,19288,17151,8378,8773,19338
155317,University of Kansas,2016,63,19262,KS,20,1,4-year,Public,1,1,"Degree-granting, primarily baccalaureate or above",5,-95.247567,38.958549,NA,27565,1101,1186,14533,13032,9455,9807,799,890,1459,6629,7022,19245,17141,8468,8673,19262
155317,University of Kansas,2015,61,19245,KS,20,1,4-year,Public,1,1,"Degree-granting, primarily baccalaureate or above",5,-95.247618,38.958551,NA,27259,1051,1157,14132,13127,9579,9666,785,844,1375,6744,6994,19032,17191,8523,8668,19245
155317,University of Kansas,2014,60,19343,KS,20,1,4-year,Public,1,1,"Degree-granting, primarily baccalaureate or above",5,-95.24587,38.957351,NA,27180,1133,1081,13950,13230,9683,9660,893,792,1299,6942,7027,19137,17335,8671,8664,19343
155317,University of Kansas,2013,62,19217,KS,20,1,4-year,Public,1,1,"Degree-granting, primarily baccalaureate or above",5,-95.24587,38.957351,NA,26968,1031,1053,13831,13137,9639,9578,772,745,1209,7065,7076,19355,17193,8611,8582,19217
170976,University of Michigan-Ann Arbor,2019,93,NA,MI,26,1,4-year,Public,1,1,"Degree-granting, primarily baccalaureate or above",5,-83.742769,42.275921,NA,48090,2050,6397,23971,24119,15662,15604,1245,4858,2143,8637,9022,25106,30204,15026,15178,31266
170976,University of Michigan-Ann Arbor,2018,92,30318,MI,26,1,4-year,Public,1,1,"Degree-granting, primarily baccalaureate or above",5,-83.742769,42.275921,NA,46716,2015,5899,23084,23632,15252,15066,1284,4435,1911,8741,8915,24959,29245,14588,14657,30318
170976,University of Michigan-Ann Arbor,2017,92,29821,MI,26,1,4-year,Public,1,1,"Degree-granting, primarily baccalaureate or above",5,-83.742769,42.275921,NA,46002,1930,5515,22594,23408,14966,14855,1263,4153,1696,8846,9094,25107,28702,14310,14392,29821
170976,University of Michigan-Ann Arbor,2016,91,28983,MI,26,1,4-year,Public,1,1,"Degree-granting, primarily baccalaureate or above",5,-83.742769,42.275921,NA,44718,1874,5309,21789,22929,14551,14432,1255,3931,1495,8702,8928,24643,27969,13963,14006,28983
170976,University of Michigan-Ann Arbor,2015,90,28312,MI,26,1,4-year,Public,1,1,"Degree-granting, primarily baccalaureate or above",5,-83.743121,42.276061,NA,43651,1801,4903,21032,22619,14298,14014,1216,3595,1300,8658,8712,24517,27258,13706,13552,28312
170976,University of Michigan-Ann Arbor,2014,91,28395,MI,26,1,4-year,Public,1,1,"Degree-granting, primarily baccalaureate or above",5,-83.74313,42.276172,NA,43625,1742,4974,20886,22739,14449,13946,1166,3570,1209,8852,8679,24810,27395,13844,13551,28395
170976,University of Michigan-Ann Arbor,2013,90,28283,MI,26,1,4-year,Public,1,1,"Degree-granting, primarily baccalaureate or above",5,-83.74313,42.276172,NA,43710,1816,4934,20880,22830,14407,13876,1226,3453,1164,8928,8744,25109,27316,13853,13463,28283
178396,University of Missouri-Columbia,2019,71,NA,MO,29,1,4-year,Public,1,1,"Degree-granting, primarily baccalaureate or above",5,-92.328843,38.94531,NA,30014,2016,757,16481,13533,10597,11992,1611,597,1065,8319,9256,22624,20676,9689,10987,22589
178396,University of Missouri-Columbia,2018,69,22484,MO,29,1,4-year,Public,1,1,"Degree-granting, primarily baccalaureate or above",5,-92.328843,38.94531,NA,29843,2067,718,16155,13688,10695,11789,1712,578,995,8383,9081,22486,20720,9755,10965,22484
178396,University of Missouri-Columbia,2017,68,23799,MO,29,1,4-year,Public,1,1,"Degree-granting, primarily baccalaureate or above",5,-92.328843,38.94531,NA,30844,2078,728,16470,14374,11442,12357,1777,612,931,9029,9586,23367,22197,10634,11563,23799
178396,University of Missouri-Columbia,2016,68,25877,MO,29,1,4-year,Public,1,1,"Degree-granting, primarily baccalaureate or above",5,-92.326429,38.941015,NA,33239,2300,714,17677,15562,12411,13466,2003,605,964,9807,10449,25182,24124,11507,12617,25877
178396,University of Missouri-Columbia,2015,69,27791,MO,29,1,4-year,Public,1,1,"Degree-granting, primarily baccalaureate or above",5,-92.326429,38.941015,NA,35424,2542,779,18704,16720,13381,14410,2256,657,993,10593,11159,26903,26027,12433,13594,27791
178396,University of Missouri-Columbia,2014,69,27642,MO,29,1,4-year,Public,1,1,"Degree-granting, primarily baccalaureate or above",5,-92.326429,38.941015,NA,35425,2553,798,18717,16708,13264,14378,2268,643,960,10637,11156,27060,25859,12344,13515,27642
178396,University of Missouri-Columbia,2013,70,26928,MO,29,1,4-year,Public,1,1,"Degree-granting, primarily baccalaureate or above",5,-92.326429,38.941015,NA,34616,2466,754,18295,16321,12964,13964,2202,613,891,10466,10952,26658,25258,12102,13156,26928
187985,University of New Mexico-Main Campus,2019,54,NA,NM,35,1,4-year,Public,1,1,"Degree-granting, primarily baccalaureate or above",5,-106.620155,35.083868,NA,22729,533,932,12797,9932,7547,9783,415,697,8410,2500,2932,7688,12705,5614,7091,17330
187985,University of New Mexico-Main Campus,2018,50,18621,NM,35,1,4-year,Public,1,1,"Degree-granting, primarily baccalaureate or above",5,-106.620155,35.083868,NA,24319,567,969,13611,10708,8177,10444,445,741,8909,2783,3249,8471,13624,6035,7589,18621
187985,University of New Mexico-Main Campus,2017,49,20354,NM,35,1,4-year,Public,1,1,"Degree-granting, primarily baccalaureate or above",5,-106.620155,35.083868,NA,26221,611,1021,14680,11541,8895,11459,488,788,9668,3092,3614,9257,15093,6707,8386,20354
187985,University of New Mexico-Main Campus,2016,44,21023,NM,35,1,4-year,Public,1,1,"Degree-granting, primarily baccalaureate or above",5,-106.620155,35.083868,NA,26999,633,990,14911,12088,9316,11707,512,760,9773,3386,3865,9872,15926,7171,8755,21023
187985,University of New Mexico-Main Campus,2015,48,21346,NM,35,1,4-year,Public,1,1,"Degree-granting, primarily baccalaureate or above",5,-106.620155,35.083868,NA,27285,633,945,14998,12287,9521,11826,513,724,9682,3585,4028,10289,16126,7275,8851,21347
187985,University of New Mexico-Main Campus,2014,48,21792,NM,35,1,4-year,Public,1,1,"Degree-granting, primarily baccalaureate or above",5,-106.620155,35.083868,NA,27844,682,912,15375,12469,9711,12081,559,682,9729,3754,4190,10762,16446,7463,8983,21792
187985,University of New Mexico-Main Campus,2013,48,22416,NM,35,1,4-year,Public,1,1,"Degree-granting, primarily baccalaureate or above",5,-106.620155,35.083868,NA,28592,703,898,15907,12685,9939,12477,593,655,9788,3876,4491,11331,17091,7702,9389,22416
136172,University of North Florida,2019,67,NA,FL,12,1,4-year,Public,1,1,"Degree-granting, primarily baccalaureate or above",4,-81.509144,30.27194,NA,17117,1684,911,10023,7094,6368,8366,1364,812,2042,4152,5193,10845,10757,4620,6137,14734
136172,University of North Florida,2018,59,14483,FL,12,1,4-year,Public,1,1,"Degree-granting, primarily baccalaureate or above",4,-81.509144,30.27194,NA,16776,1610,843,9663,7113,6397,8186,1315,746,1877,4272,5211,10895,10452,4572,5880,14583
136172,University of North Florida,2017,57,14255,FL,12,1,4-year,Public,1,1,"Degree-granting, primarily baccalaureate or above",4,-81.509144,30.27194,NA,16309,1627,759,9356,6953,6272,7983,1336,668,1681,4324,5182,10833,10223,4457,5766,14255
136172,University of North Florida,2016,54,13846,FL,12,1,4-year,Public,1,1,"Degree-granting, primarily baccalaureate or above",4,-81.507853,30.270917,NA,15762,1581,705,8965,6797,6110,7736,1349,615,1507,4234,5054,10550,9702,4237,5465,13846
136172,University of North Florida,2015,55,13817,FL,12,1,4-year,Public,1,1,"Degree-granting, primarily baccalaureate or above",4,-81.507853,30.270917,NA,15675,1506,691,8798,6877,6231,7586,1300,610,1383,4351,5063,10665,9562,4273,5289,13817
136172,University of North Florida,2014,55,14121,FL,12,1,4-year,Public,1,1,"Degree-granting, primarily baccalaureate or above",4,-81.507853,30.270917,NA,15984,1553,674,8977,7007,6332,7789,1344,604,1352,4480,5265,11031,9901,4376,5525,14121
136172,University of North Florida,2013,50,14263,FL,12,1,4-year,Public,1,1,"Degree-granting, primarily baccalaureate or above",4,-81.507853,30.270917,NA,16083,1601,672,8990,7093,6401,7862,1400,617,1317,4559,5368,11212,10088,4464,5624,14263
215293,University of Pittsburgh-Pittsburgh Campus,2019,83,NA,PA,42,1,4-year,Public,1,1,"Degree-granting, primarily baccalaureate or above",5,-79.953254,40.444387999999996,NA,32686,1562,2917,17947,14739,10747,12638,1146,2354,1094,7745,8712,21356,18392,8488,9904,23385
215293,University of Pittsburgh-Pittsburgh Campus,2018,83,19330,PA,42,1,4-year,Public,1,1,"Degree-granting, primarily baccalaureate or above",5,-79.953254,40.444387999999996,NA,28673,1379,2581,15409,13264,9221,10109,972,2028,809,6632,6900,18450,18421,8742,9679,19330
215293,University of Pittsburgh-Pittsburgh Campus,2017,82,19326,PA,42,1,4-year,Public,1,1,"Degree-granting, primarily baccalaureate or above",5,-79.953254,40.444387999999996,NA,28642,1397,2494,15160,13482,9381,9945,984,1934,717,6914,6934,18772,18390,8885,9505,19326
215293,University of Pittsburgh-Pittsburgh Campus,2016,81,19123,PA,42,1,4-year,Public,1,1,"Degree-granting, primarily baccalaureate or above",5,-79.954692,40.444502,NA,28664,1401,2447,15197,13467,9231,9892,1014,1888,669,6873,7003,18933,18163,8729,9434,19123
215293,University of Pittsburgh-Pittsburgh Campus,2015,82,18908,PA,42,1,4-year,Public,1,1,"Degree-granting, primarily baccalaureate or above",5,-79.954692,40.444502,NA,28649,1336,2292,14948,13701,9294,9614,934,1700,601,7069,6986,19264,17887,8763,9124,18908
215293,University of Pittsburgh-Pittsburgh Campus,2014,82,18757,PA,42,1,4-year,Public,1,1,"Degree-granting, primarily baccalaureate or above",5,-79.954692,40.444502,NA,28617,1393,2188,14902,13715,9259,9498,952,1582,530,7159,7022,19623,17694,8726,8968,18757
215293,University of Pittsburgh-Pittsburgh Campus,2013,80,18615,PA,42,1,4-year,Public,1,1,"Degree-granting, primarily baccalaureate or above",5,-79.954692,40.444502,NA,28649,1440,1942,14776,13873,9262,9353,1012,1400,482,7263,7039,19819,17483,8691,8792,18615
231174,University of Vermont,2019,77,NA,VT,50,1,4-year,Public,1,1,"Degree-granting, primarily baccalaureate or above",4,-73.196646,44.477325,NA,13548,206,413,8117,5431,4645,6798,142,312,454,3763,5559,10859,10501,4246,6255,11443
231174,University of Vermont,2018,76,11328,VT,50,1,4-year,Public,1,1,"Degree-granting, primarily baccalaureate or above",4,-73.196646,44.477325,NA,13395,204,415,7931,5464,4647,6681,152,312,448,3691,5419,10598,10434,4287,6147,11328
231174,University of Vermont,2017,75,11339,VT,50,1,4-year,Public,1,1,"Degree-granting, primarily baccalaureate or above",4,-73.196646,44.477325,NA,13340,187,425,7771,5569,4761,6578,153,321,473,3740,5291,10319,10395,4357,6038,11339
231174,University of Vermont,2016,74,11159,VT,50,1,4-year,Public,1,1,"Degree-granting, primarily baccalaureate or above",4,-73.198128,44.479262,NA,13105,169,411,7509,5596,4809,6350,148,311,475,3836,5124,10110,10183,4381,5802,11159
231174,University of Vermont,2015,77,10973,VT,50,1,4-year,Public,1,1,"Degree-granting, primarily baccalaureate or above",4,-73.198128,44.479262,NA,12815,183,401,7174,5641,4867,6106,157,292,450,3911,4928,10022,9991,4443,5548,10973
231174,University of Vermont,2014,76,10992,VT,50,1,4-year,Public,1,1,"Degree-granting, primarily baccalaureate or above",4,-73.198128,44.479262,NA,12856,166,388,7144,5712,4938,6054,137,278,472,4041,4951,10329,9898,4491,5407,10992
231174,University of Vermont,2013,76,10912,VT,50,1,4-year,Public,1,1,"Degree-granting, primarily baccalaureate or above",4,-73.198128,44.479262,NA,12723,164,358,7173,5550,4771,6141,136,253,462,4013,5058,10345,9764,4310,5454,10912
234076,University of Virginia-Main Campus,2019,95,NA,VA,51,1,4-year,Public,1,1,"Degree-granting, primarily baccalaureate or above",5,-78.503428,38.035665,NA,25012,1545,3081,13419,11593,7667,9343,1129,2564,1130,4355,5227,14152,16267,7360,8907,17010
234076,University of Virginia-Main Campus,2018,94,16777,VA,51,1,4-year,Public,1,1,"Degree-granting, primarily baccalaureate or above",5,-78.503428,38.035665,NA,24639,1542,2877,13287,11352,7561,9216,1131,2388,1078,4358,5242,14168,15990,7280,8710,16777
234076,University of Virginia-Main Campus,2017,95,16655,VA,51,1,4-year,Public,1,1,"Degree-granting, primarily baccalaureate or above",5,-78.503428,38.035665,NA,24360,1521,2751,13129,11231,7541,9114,1098,2278,1095,4427,5296,14195,15766,7250,8516,16655
234076,University of Virginia-Main Campus,2016,94,16331,VA,51,1,4-year,Public,1,1,"Degree-granting, primarily baccalaureate or above",5,-78.503428,38.035665,NA,23898,1472,2545,12847,11051,7396,8935,1054,2094,1025,4418,5294,14211,15476,7088,8388,16331
234076,University of Virginia-Main Campus,2015,93,16736,VA,51,1,4-year,Public,1,1,"Degree-granting, primarily baccalaureate or above",5,-78.505153,38.037796,NA,23883,1350,2467,12940,10943,7418,9318,1020,2020,971,4517,5648,14516,15807,7056,8751,16736
234076,University of Virginia-Main Campus,2014,94,16483,VA,51,1,4-year,Public,1,1,"Degree-granting, primarily baccalaureate or above",5,-78.502599,38.036546,NA,23732,1309,2392,12825,10907,7323,9160,994,1952,953,4520,5588,14611,15622,6963,8659,16483
234076,University of Virginia-Main Campus,2013,93,16087,VA,51,1,4-year,Public,1,1,"Degree-granting, primarily baccalaureate or above",5,-78.502599,38.036546,NA,23464,1338,2355,12710,10754,7142,8945,994,1878,882,4395,5434,14460,15089,6767,8322,16087
236939,Washington State University,2019,60,NA,WA,53,1,4-year,Public,1,1,"Degree-granting, primarily baccalaureate or above",5,-117.158168,46.730448,NA,31607,875,2026,16815,14792,12171,13891,750,1612,4112,7341,8467,18514,23092,10816,12276,26062
236939,Washington State University,2018,59,26098,WA,53,1,4-year,Public,1,1,"Degree-granting, primarily baccalaureate or above",5,-117.158168,46.730448,NA,31478,964,1932,16603,14875,12334,13764,834,1573,3964,7489,8376,18330,22877,10863,12014,26098
236939,Washington State University,2017,62,25277,WA,53,1,4-year,Public,1,1,"Degree-granting, primarily baccalaureate or above",5,-117.158168,46.730448,NA,30614,928,1799,15982,14632,12023,13254,806,1509,3691,7337,8022,17696,22166,10656,11510,25277
236939,Washington State University,2016,67,24904,WA,53,1,4-year,Public,1,1,"Degree-granting, primarily baccalaureate or above",5,-117.158168,46.730448,NA,30142,919,1706,15690,14452,11902,13002,816,1443,3512,7274,7776,17430,21652,10418,11234,24904
236939,Washington State University,2015,64,24470,WA,53,1,4-year,Public,1,1,"Degree-granting, primarily baccalaureate or above",5,-117.158168,46.730448,NA,29686,932,1544,15333,14353,11789,12681,833,1290,3209,7323,7896,17850,21384,10433,10951,24470
236939,Washington State University,2014,67,23867,WA,53,1,4-year,Public,1,1,"Degree-granting, primarily baccalaureate or above",5,-117.158168,46.730448,NA,28686,896,1497,14728,13958,11636,12231,804,1253,2827,7536,7908,18000,20843,10309,10534,23867
236939,Washington State University,2013,65,23070,WA,53,1,4-year,Public,1,1,"Degree-granting, primarily baccalaureate or above",5,-117.158168,46.730448,NA,27642,838,1445,14035,13607,11379,11691,763,1217,2442,7528,7770,17763,20312,10195,10117,23070
238032,West Virginia University,2019,61,NA,WV,54,1,4-year,Public,1,1,"Degree-granting, primarily baccalaureate or above",5,-79.954391,39.634371,NA,26839,1001,541,13696,13143,10566,10520,813,350,839,8204,8726,21238,19369,9814,9555,21086
238032,West Virginia University,2018,60,21155,WV,54,1,4-year,Public,1,1,"Degree-granting, primarily baccalaureate or above",5,-79.954391,39.634371,NA,26864,1042,488,13425,13439,10885,10270,857,330,809,8345,8573,21221,19568,10171,9397,21155
238032,West Virginia University,2017,58,22504,WV,54,1,4-year,Public,1,1,"Degree-granting, primarily baccalaureate or above",5,-79.954391,39.634371,NA,28409,1194,513,13917,14492,11879,10625,984,343,804,8990,8810,22191,20713,11064,9649,22504
238032,West Virginia University,2016,57,22350,WV,54,1,4-year,Public,1,1,"Degree-granting, primarily baccalaureate or above",5,-79.954391,39.634371,NA,28488,1278,510,13785,14703,11976,10374,1048,337,825,9145,8642,22316,20524,11128,9396,22350
238032,West Virginia University,2015,57,22498,WV,54,1,4-year,Public,1,1,"Degree-granting, primarily baccalaureate or above",5,-79.953926,39.63468,NA,28776,1224,516,13936,14840,12066,10432,997,333,804,9477,8764,22835,20532,11201,9331,22498
238032,West Virginia University,2014,57,22563,WV,54,1,4-year,Public,1,1,"Degree-granting, primarily baccalaureate or above",5,-79.953926,39.63468,NA,29175,1232,545,14076,15099,12251,10312,1011,352,788,9706,8739,23350,20863,11434,9429,22563
238032,West Virginia University,2013,57,22757,WV,54,1,4-year,Public,1,1,"Degree-granting, primarily baccalaureate or above",5,-79.953926,39.63468,NA,29466,1204,526,14145,15321,12326,10431,999,357,787,9979,8904,23956,21027,11587,9440,22757
