year,university,sector_desc,sector_cd,noncampus_murd,noncampus_neg_m,noncampus_rape,noncampus_fondl,noncampus_inces,noncampus_statr,noncampus_robbe,noncampus_agg_a,noncampus_burgla,noncampus_vehic,noncampus_arson,oncampus_murd,oncampus_neg_m,oncampus_rape,oncampus_fondl,oncampus_inces,oncampus_statr,oncampus_robbe,oncampus_agg_a,oncampus_burgla,oncampus_vehic,oncampus_arson,publicproperty_murd,publicproperty_neg_m,publicproperty_rape,publicproperty_fondl,publicproperty_inces,publicproperty_statr,publicproperty_robbe,publicproperty_agg_a,publicproperty_burgla,publicproperty_vehic,publicproperty_arson,reported_murd,reported_neg_m,reported_rape,reported_fondl,reported_inces,reported_statr,reported_robbe,reported_agg_a,reported_burgla,reported_vehic,reported_arson,residencehall_murd,residencehall_neg_m,residencehall_rape,residencehall_fondl,residencehall_inces,residencehall_statr,residencehall_robbe,residencehall_agg_a,residencehall_burgla,residencehall_vehic,residencehall_arson
2014,Albany State University,"Public, 4-year or above",1,0,0,0,0,0,0,0,0,0,0,0,0,0,2,0,0,0,1,1,4,2,0,0,0,0,0,0,0,0,0,0,0,0,0,0,0,0,0,0,0,0,0,0,0,0,0,2,0,0,0,1,1,4,0,0
2014,Arkansas State University-Main Campus,"Public, 4-year or above",1,0,0,0,0,0,0,0,0,0,0,0,0,0,3,0,0,0,0,3,5,3,0,0,0,0,0,0,0,0,0,0,0,0,0,0,0,0,0,0,0,0,0,0,0,0,0,3,0,0,0,0,2,3,0,0
2014,Ball State University,"Public, 4-year or above",1,0,0,0,0,0,0,0,0,1,0,0,0,0,14,5,0,0,0,3,10,0,0,0,0,0,0,0,0,0,0,0,0,0,0,0,0,0,0,0,0,0,0,0,0,0,0,9,4,0,0,0,2,5,0,0
2014,California Polytechnic State University-San Luis Obispo,"Public, 4-year or above",1,0,0,1,0,0,0,1,0,4,0,0,0,0,11,3,0,0,0,1,11,8,2,0,0,0,0,0,0,0,0,0,0,0,0,0,0,0,0,0,0,0,0,0,0,0,0,6,2,0,0,0,0,3,0,2
2014,California State University-Chico,"Public, 4-year or above",1,0,0,1,0,0,0,0,2,2,2,0,0,0,3,1,0,0,0,1,7,0,0,0,0,0,0,0,0,0,0,0,0,0,0,0,0,0,0,0,0,0,0,0,0,0,0,1,1,0,0,0,0,0,0,0
2014,Clemson University,"Public, 4-year or above",1,0,0,1,0,0,0,0,1,4,0,0,0,0,4,5,0,0,0,2,6,39,2,0,0,0,1,0,0,0,1,0,1,0,0,0,0,0,0,0,0,0,0,0,0,0,0,3,3,0,0,0,1,1,0,1
2014,College of Charleston,"Public, 4-year or above",1,0,0,0,0,0,0,0,0,0,0,0,0,0,9,4,0,0,0,0,1,3,0,0,0,0,0,0,0,0,3,0,0,0,0,0,0,0,0,0,0,0,0,0,0,0,0,9,3,0,0,0,0,1,0,0
2014,Delaware State University,"Public, 4-year or above",1,0,0,0,0,0,0,0,1,0,0,0,0,0,1,0,0,0,0,11,6,2,0,0,0,0,0,0,0,0,0,0,0,0,0,0,0,0,0,0,0,0,0,0,0,0,0,0,0,0,0,0,6,6,0,0
2014,DePauw University,"Private nonprofit, 4-year or above",2,0,0,0,1,0,0,0,0,4,0,0,0,0,6,0,0,0,0,0,4,0,0,0,0,0,0,0,0,0,0,0,0,0,0,0,0,0,0,0,0,0,0,0,0,0,0,5,0,0,0,0,0,4,0,0
2014,East Carolina University,"Public, 4-year or above",1,0,0,0,0,0,0,0,0,11,0,0,0,0,7,4,0,0,2,1,9,1,0,0,0,0,0,0,0,2,1,0,1,0,0,0,0,0,0,0,0,0,0,0,0,0,0,7,4,0,0,0,0,7,0,0
2014,Emory University,"Private nonprofit, 4-year or above",2,0,0,0,0,0,0,0,0,0,0,0,0,0,27,7,0,0,0,3,20,19,0,1,0,0,0,0,0,20,11,0,3,0,0,0,0,0,0,0,0,0,0,0,0,0,0,21,5,0,0,0,0,10,0,0
2014,Ferrum College,"Private nonprofit, 4-year or above",2,0,0,0,0,0,0,0,0,1,0,0,0,0,4,0,0,0,0,0,2,1,0,0,0,0,0,0,0,0,1,0,0,0,0,0,0,0,0,0,0,0,0,0,0,0,0,4,0,0,0,0,0,2,0,0
2014,Florida Atlantic University,"Public, 4-year or above",1,0,0,0,0,0,0,0,0,1,3,0,0,0,6,0,0,0,0,2,20,14,0,1,0,0,0,0,0,0,0,0,0,0,0,0,0,0,0,0,0,0,0,0,0,0,0,6,0,0,0,0,1,10,0,0
2014,Florida International University,"Public, 4-year or above",1,0,0,0,0,0,0,0,1,2,0,0,0,0,2,10,0,0,2,10,35,9,0,0,0,0,0,0,0,0,1,0,0,0,0,0,0,0,0,0,0,0,0,0,0,0,0,2,0,0,0,0,2,4,0,0
2014,Florida State University,"Public, 4-year or above",1,0,0,2,0,0,0,0,0,12,3,0,0,0,17,0,0,0,2,9,45,19,0,0,0,0,0,0,0,0,0,0,0,0,0,0,0,0,0,0,0,0,0,0,0,0,0,13,0,0,0,0,0,23,0,0
2014,Hampden-Sydney College,"Private nonprofit, 4-year or above",2,0,0,0,0,0,0,0,0,0,0,0,0,0,2,0,0,0,1,0,4,0,0,0,0,0,0,0,0,0,0,0,0,0,0,0,0,0,0,0,0,0,0,0,0,0,0,2,0,0,0,0,0,3,0,0
2014,Indiana University-Bloomington,"Public, 4-year or above",1,0,0,9,1,0,0,1,3,7,1,0,0,0,13,6,0,0,6,9,16,9,0,0,0,0,0,0,0,0,4,0,1,0,0,0,0,0,0,0,0,0,0,0,0,0,0,11,5,0,0,0,2,11,0,0
2014,James Madison University,"Public, 4-year or above",1,0,0,2,3,0,0,0,0,1,0,0,0,0,4,1,0,0,0,2,21,0,0,0,0,0,0,0,0,0,0,0,1,0,0,0,0,0,0,0,0,0,0,0,0,0,0,4,1,0,0,0,1,15,0,0
2014,Louisiana State University and Agricultural & Mechanical College,"Public, 4-year or above",1,0,0,0,0,0,0,0,0,0,0,0,0,0,10,1,0,1,7,5,53,6,1,0,0,0,0,0,0,0,0,0,0,0,0,0,0,0,0,0,0,0,0,0,0,0,0,1,0,0,1,1,0,30,0,0
2014,Marshall University,"Public, 4-year or above",1,0,0,1,0,0,0,0,1,4,1,0,0,0,1,0,0,0,1,0,13,1,1,0,0,0,0,0,0,0,1,0,0,0,0,0,0,0,0,0,0,0,0,0,0,0,0,1,0,0,0,0,0,7,0,1
2014,Michigan State University,"Public, 4-year or above",1,0,0,2,0,0,0,0,6,9,1,1,0,0,13,8,0,0,12,10,124,18,6,0,0,0,0,0,0,0,0,0,0,0,0,0,0,0,0,0,0,0,0,0,0,0,0,11,3,0,0,1,2,105,0,4
2014,Monmouth University,"Private nonprofit, 4-year or above",2,0,0,0,0,0,0,0,0,1,0,0,0,0,2,1,0,0,0,2,3,0,0,0,0,0,0,0,0,0,0,0,0,0,0,0,0,0,0,0,0,0,0,0,0,0,0,2,1,0,0,0,2,3,0,0
2014,Murray State University,"Public, 4-year or above",1,0,0,1,0,0,0,0,0,5,0,0,0,0,7,2,0,0,0,0,12,0,5,0,0,0,0,0,0,0,0,0,0,0,0,0,0,0,0,0,0,0,0,0,0,0,0,7,2,0,0,0,0,7,0,5
2014,North Carolina Central University,"Public, 4-year or above",1,0,0,0,0,0,0,0,0,0,0,0,0,0,5,0,0,0,7,5,21,1,0,0,0,0,0,0,0,2,0,0,0,0,0,0,0,0,0,0,0,0,0,0,0,0,0,4,0,0,0,1,1,15,0,0
2014,North Carolina State University at Raleigh,"Public, 4-year or above",1,0,0,1,0,0,0,1,0,1,0,0,0,0,3,5,0,0,2,6,34,11,1,0,0,1,0,0,0,4,3,0,1,0,0,0,0,0,0,0,0,0,0,0,0,0,0,2,1,0,0,0,0,12,0,1
2014,Ohio State University-Main Campus,"Public, 4-year or above",1,0,0,2,2,0,0,0,5,5,0,0,0,0,20,12,0,1,8,6,4,11,0,0,0,0,0,0,0,4,1,0,1,0,0,0,0,0,0,0,0,0,0,0,0,0,0,17,6,0,1,0,1,3,0,0
2014,Ohio University-Main Campus,"Public, 4-year or above",1,0,0,2,0,0,0,0,0,0,0,0,0,0,19,1,0,0,1,0,6,3,3,0,0,0,0,0,0,0,2,0,0,0,0,0,0,0,0,0,0,0,0,0,0,0,0,19,0,0,0,0,0,6,0,2
2014,Prairie View A & M University,"Public, 4-year or above",1,0,0,0,0,0,0,0,0,0,0,0,0,0,5,1,0,0,5,3,42,9,0,0,0,0,0,0,0,0,0,0,0,0,0,0,0,0,0,0,0,0,0,0,0,0,0,5,0,0,0,3,0,37,0,0
2014,Rollins College,"Private nonprofit, 4-year or above",2,0,0,0,0,0,0,0,0,0,0,0,0,0,2,4,0,0,0,1,6,0,1,0,0,0,0,0,0,1,0,0,0,0,0,0,0,0,0,0,0,0,0,0,0,0,0,2,2,0,0,0,0,4,0,0
2014,Rutgers University-New Brunswick,"Public, 4-year or above",1,0,0,7,0,0,0,0,0,2,0,0,0,0,32,9,0,0,3,12,34,7,6,0,0,0,2,0,0,7,8,0,13,1,0,0,0,0,0,0,0,0,0,0,0,0,0,29,2,0,0,0,6,8,0,3
2014,San Diego State University,"Public, 4-year or above",1,0,0,6,0,0,0,0,1,1,0,0,0,0,12,3,0,0,7,5,59,18,0,0,0,2,1,0,0,8,6,0,7,1,0,0,0,0,0,0,0,0,0,0,0,0,0,10,1,0,0,0,3,31,0,0
2014,Southern Methodist University,"Private nonprofit, 4-year or above",2,0,0,0,0,0,0,0,0,0,0,0,0,0,6,1,0,0,1,2,2,4,0,0,0,0,0,0,0,0,0,0,0,0,0,0,0,0,0,0,0,0,0,0,0,0,0,4,0,0,0,0,0,2,0,0
2014,SUNY at Albany,"Public, 4-year or above",1,0,0,0,0,0,0,0,0,0,0,0,0,0,4,1,0,0,3,0,5,3,4,0,0,0,0,0,0,0,0,0,0,0,0,0,0,0,0,0,0,0,0,0,0,0,0,3,1,0,0,2,0,5,0,1
2014,Syracuse University,"Private nonprofit, 4-year or above",2,0,0,0,0,0,0,1,0,8,0,0,0,0,5,4,0,0,1,0,41,4,0,0,0,0,0,0,0,2,0,0,0,0,0,0,0,0,0,0,0,0,0,0,0,0,0,5,4,0,0,0,0,18,0,0
2014,Texas A & M University-College Station,"Public, 4-year or above",1,0,0,3,0,0,0,1,0,1,0,0,0,0,9,8,0,0,0,8,36,6,5,0,0,0,0,0,0,0,0,0,0,0,0,0,0,0,0,0,0,0,0,0,0,0,0,6,1,0,0,0,2,3,0,0
2014,Texas Christian University,"Private nonprofit, 4-year or above",2,0,0,0,0,0,0,0,0,0,0,0,1,0,9,1,0,0,1,5,25,9,1,0,0,0,0,0,0,0,2,0,0,0,0,0,0,0,0,0,0,0,0,0,0,1,0,9,1,0,0,0,1,19,0,1
2014,Texas State University,"Public, 4-year or above",1,0,0,0,0,0,0,0,0,1,0,1,0,0,4,1,0,0,2,4,37,3,6,0,0,0,0,0,0,0,0,0,0,0,0,0,0,0,0,0,0,0,0,0,0,0,0,3,1,0,0,0,2,22,0,2
2014,The University of Texas at Austin,"Public, 4-year or above",1,0,0,27,0,0,0,1,1,9,4,0,0,0,17,3,0,0,0,1,34,6,2,0,0,4,0,0,0,1,7,0,2,0,0,0,0,0,0,0,0,0,0,0,0,0,0,4,2,0,0,0,1,25,0,0
2014,Tufts University,"Private nonprofit, 4-year or above",2,0,0,0,0,0,0,0,0,0,0,0,0,0,12,13,0,0,0,2,22,0,0,0,0,0,1,0,0,7,2,0,3,0,0,0,0,0,0,0,0,0,0,0,0,0,0,12,2,0,0,0,1,15,0,0
2014,University at Buffalo,"Public, 4-year or above",1,0,0,0,0,0,0,0,0,0,0,0,0,0,1,6,0,0,0,2,25,2,3,0,0,0,0,0,0,4,2,0,3,0,0,0,0,0,0,0,0,0,0,0,0,0,0,1,4,0,0,0,0,15,0,3
2014,University of Arizona,"Public, 4-year or above",1,0,0,14,0,0,0,0,3,16,0,0,0,0,11,9,0,0,0,3,25,7,0,0,0,2,0,0,0,2,6,0,0,0,0,0,0,0,0,0,0,0,0,0,0,0,0,11,7,0,0,0,0,7,0,0
2014,University of Arkansas,"Public, 4-year or above",1,0,0,0,0,0,0,0,0,6,13,1,0,0,3,1,0,0,1,0,23,21,0,0,0,0,1,0,0,0,0,0,1,0,0,0,0,0,0,0,0,0,0,0,0,0,0,3,1,0,0,1,0,9,0,0
2014,University of California-Berkeley,"Public, 4-year or above",1,0,0,14,2,0,0,2,3,11,20,1,0,0,15,9,0,1,23,5,61,20,6,0,0,0,7,0,0,20,6,0,15,0,0,0,0,0,0,0,0,0,0,0,0,0,0,13,3,0,0,2,0,15,0,2
2014,University of California-Irvine,"Public, 4-year or above",1,0,0,1,0,0,0,2,1,5,9,0,0,0,10,8,0,0,0,6,35,22,2,0,0,0,0,0,0,0,1,0,0,0,0,0,0,0,0,0,0,0,0,0,0,0,0,5,1,0,0,0,2,24,0,1
2014,University of California-Riverside,"Public, 4-year or above",1,0,0,1,0,0,0,1,0,0,10,0,0,0,6,2,0,0,2,2,19,9,3,0,0,0,0,0,0,3,0,0,10,0,0,0,0,0,0,0,0,0,0,0,0,0,0,5,2,0,0,0,0,6,0,1
2014,University of California-Santa Barbara,"Public, 4-year or above",1,0,0,17,0,0,0,0,2,15,0,0,0,0,11,1,0,0,5,2,15,2,2,0,0,0,0,0,0,0,0,0,0,0,0,0,0,0,0,0,0,0,0,0,0,0,0,6,1,0,0,0,2,8,0,0
2014,University of Central Florida,"Public, 4-year or above",1,0,0,2,0,0,0,0,1,8,0,0,0,0,17,6,0,0,5,6,29,12,0,0,0,0,0,0,0,0,0,0,0,0,0,0,0,0,0,0,0,0,0,0,0,0,0,10,1,0,0,3,1,13,0,0
2014,University of Delaware,"Public, 4-year or above",1,0,0,0,0,0,0,0,0,0,0,0,0,0,10,2,0,0,3,3,27,0,0,0,0,2,1,0,0,5,3,0,0,0,0,0,0,0,0,0,0,0,0,0,0,0,0,8,2,0,0,0,0,10,0,0
2014,University of Idaho,"Public, 4-year or above",1,0,0,1,0,0,0,0,0,2,0,0,0,0,6,0,0,0,0,0,3,2,0,0,0,0,0,0,0,0,0,0,0,0,0,0,0,0,0,0,0,0,0,0,0,0,0,6,0,0,0,0,0,1,0,0
2014,University of Illinois at Urbana-Champaign,"Public, 4-year or above",1,0,0,3,0,0,0,0,2,7,1,0,0,0,9,2,0,0,6,14,7,0,4,0,0,0,0,0,0,4,4,0,1,0,0,0,0,0,0,0,0,0,0,0,0,0,0,7,1,0,0,0,0,2,0,3
2014,University of Iowa,"Public, 4-year or above",1,0,0,3,1,0,0,0,0,3,1,0,0,0,13,58,0,0,3,2,14,1,0,0,0,1,0,0,0,7,17,0,3,0,0,0,0,0,0,0,0,0,0,0,0,0,0,12,5,0,0,1,0,7,0,0
2014,University of Kansas,"Public, 4-year or above",1,0,0,4,4,0,0,0,2,50,3,0,0,0,14,11,0,0,2,7,40,6,1,0,0,0,0,0,0,1,2,0,0,0,0,0,0,0,0,0,0,0,0,0,0,0,0,10,6,0,0,1,0,21,0,0
2014,University of Kentucky,"Public, 4-year or above",1,0,0,0,0,0,0,0,1,2,2,0,0,0,9,12,0,0,5,3,29,12,1,0,0,1,0,0,0,6,1,0,0,0,0,0,0,0,0,0,0,0,0,0,0,0,0,6,0,0,0,0,0,3,0,0
2014,University of Louisiana at Lafayette,"Public, 4-year or above",1,0,0,0,0,0,0,0,0,0,0,0,0,0,1,0,0,0,2,7,26,4,0,0,0,0,0,0,0,0,0,0,0,0,0,0,0,0,0,0,0,0,0,0,0,0,0,1,0,0,0,0,2,18,0,0
2014,University of Michigan-Ann Arbor,"Public, 4-year or above",1,0,0,5,2,0,0,1,0,19,2,0,0,0,14,11,0,0,3,10,14,14,5,0,0,2,0,0,0,0,3,0,2,0,0,0,0,0,0,0,0,0,0,0,0,0,0,7,0,0,0,0,4,5,0,3
2014,University of Mississippi,"Public, 4-year or above",1,0,0,1,0,0,0,1,0,0,0,0,0,0,4,0,0,0,2,10,27,4,0,0,0,0,0,0,0,0,0,0,0,0,0,0,0,0,0,0,0,0,0,0,0,0,0,4,0,0,0,1,2,2,0,0
2014,University of Missouri-Columbia,"Public, 4-year or above",1,0,0,12,2,0,0,1,1,5,1,2,0,0,6,6,0,0,2,8,14,2,3,0,0,0,0,0,0,0,2,0,0,0,0,0,0,0,0,0,0,0,0,0,0,0,0,6,2,0,0,1,1,12,0,3
2014,University of Nebraska-Lincoln,"Public, 4-year or above",1,0,0,0,0,0,0,0,0,2,0,0,0,0,8,2,0,0,0,3,14,1,0,0,0,0,0,0,0,1,0,0,1,0,0,0,0,0,0,0,0,0,0,0,0,0,0,7,0,0,0,0,2,5,0,0
2014,University of Nevada-Reno,"Public, 4-year or above",1,0,0,1,0,0,0,0,1,1,1,0,0,0,4,1,0,0,0,1,3,0,1,0,0,0,0,0,0,0,0,0,0,0,0,0,0,0,0,0,0,0,0,0,0,0,0,3,0,0,0,0,0,0,0,0
2014,University of New Mexico-Main Campus,"Public, 4-year or above",1,0,0,0,0,0,0,0,1,5,0,0,0,0,12,7,0,0,5,15,15,32,1,0,0,0,0,0,0,0,0,0,0,0,0,0,0,0,0,0,0,0,0,0,0,0,0,8,0,0,0,1,1,4,0,1
2014,University of Pittsburgh-Pittsburgh Campus,"Public, 4-year or above",1,0,0,0,0,0,0,0,0,2,0,0,0,0,20,7,0,0,1,2,6,0,2,0,0,1,2,0,0,12,8,0,2,0,0,0,0,0,0,0,0,0,0,0,0,0,0,17,6,0,0,0,2,3,0,2
2014,University of South Carolina-Columbia,"Public, 4-year or above",1,0,0,0,0,0,0,0,0,0,1,0,0,0,1,0,0,0,3,2,16,60,0,0,0,0,0,0,0,0,0,0,2,0,0,0,0,0,0,0,0,0,0,0,0,0,0,1,0,0,0,0,2,3,0,0
2014,University of Southern California,"Private nonprofit, 4-year or above",2,0,0,10,4,0,0,0,4,12,0,1,0,0,8,7,0,0,2,5,19,5,1,0,0,0,2,0,0,3,0,0,4,0,0,0,2,1,0,0,7,1,2,10,0,0,0,3,1,0,0,0,1,4,0,1
2014,University of Vermont,"Public, 4-year or above",1,0,0,0,0,0,0,1,1,1,0,0,0,0,27,1,0,0,1,6,21,2,1,0,0,0,1,0,0,1,0,0,0,0,0,0,0,0,0,0,0,0,0,0,0,0,0,16,0,0,0,0,2,19,0,0
2014,University of Virginia-Main Campus,"Public, 4-year or above",1,0,0,9,1,0,0,0,1,0,0,0,0,0,35,4,0,0,1,0,35,6,3,0,0,0,0,0,0,0,4,0,0,0,0,0,0,0,0,0,0,0,0,0,0,0,0,24,3,0,0,0,0,14,0,0
2014,University of Wisconsin-Madison,"Public, 4-year or above",1,0,0,4,0,0,0,5,12,17,0,1,0,1,17,9,0,0,1,4,41,5,1,0,0,1,3,0,0,0,1,0,0,0,0,0,0,0,0,0,0,0,0,0,0,0,0,14,5,0,0,0,1,11,0,0
2014,Washington State University,"Public, 4-year or above",1,0,0,5,0,0,0,0,2,13,0,0,0,0,7,2,0,0,0,2,34,8,3,0,0,0,0,0,0,0,0,0,2,0,0,0,0,0,0,0,0,0,0,0,0,0,0,7,2,0,0,0,0,22,0,2
2014,West Virginia University,"Public, 4-year or above",1,0,0,4,0,0,0,0,0,5,0,0,0,0,4,2,0,0,1,3,16,1,3,0,0,3,0,0,0,0,0,0,2,0,0,0,0,0,0,0,0,0,0,0,0,0,0,4,2,0,0,0,0,8,0,2
2015,Albany State University,"Public, 4-year or above",1,0,0,0,0,0,0,0,0,0,0,0,0,0,5,0,0,0,1,1,2,1,0,0,0,2,0,0,0,2,6,0,2,0,0,0,0,0,0,0,0,0,0,0,0,0,0,5,0,0,0,1,1,2,0,0
2015,Arkansas State University-Main Campus,"Public, 4-year or above",1,0,0,0,0,0,0,0,0,0,0,0,0,0,2,0,0,1,2,2,4,0,0,0,0,0,0,0,0,0,0,0,0,0,0,0,0,0,0,0,0,0,0,0,0,0,0,1,0,0,1,0,1,4,0,0
2015,Ball State University,"Public, 4-year or above",1,0,0,8,2,0,0,0,0,3,0,0,0,0,18,6,0,0,2,0,6,2,1,0,0,0,0,0,0,0,0,0,0,0,0,0,0,0,0,0,0,0,0,0,0,0,0,15,4,0,0,0,0,4,0,1
2015,California Polytechnic State University-San Luis Obispo,"Public, 4-year or above",1,0,0,2,0,0,0,0,0,1,1,0,0,0,7,0,0,0,0,1,7,7,2,0,0,0,0,0,0,0,0,0,0,0,0,0,0,0,0,0,0,0,0,0,0,0,0,5,0,0,0,0,1,4,0,2
2015,California State University-Chico,"Public, 4-year or above",1,0,0,1,0,0,0,0,1,5,0,0,0,0,3,1,0,0,1,2,8,6,1,0,0,0,0,0,0,0,2,0,2,0,0,0,0,0,0,0,0,0,0,0,0,0,0,2,1,0,0,0,1,0,0,0
2015,Clemson University,"Public, 4-year or above",1,0,0,5,0,0,0,1,1,6,5,0,0,0,6,2,0,0,0,3,13,45,1,0,0,0,0,0,0,0,2,0,5,0,0,0,0,0,0,0,0,0,0,0,0,0,0,5,0,0,0,0,2,6,0,0
2015,College of Charleston,"Public, 4-year or above",1,0,0,0,0,0,0,0,0,0,0,0,0,0,7,2,0,0,0,2,2,2,0,0,0,0,0,0,0,0,4,0,2,0,0,0,0,0,0,0,0,0,0,0,0,0,0,6,1,0,0,0,1,2,0,0
2015,Delaware State University,"Public, 4-year or above",1,0,0,0,0,0,0,0,0,0,0,0,0,0,12,1,0,0,2,5,19,3,0,0,0,0,0,0,0,1,0,0,0,0,0,0,0,0,0,0,0,0,0,0,0,0,0,12,1,0,0,1,0,9,0,0
2015,DePauw University,"Private nonprofit, 4-year or above",2,0,0,4,4,0,0,0,3,1,0,0,0,0,7,2,0,0,0,1,11,2,0,0,0,0,0,0,0,0,0,0,0,0,0,0,0,0,0,0,0,0,0,0,0,0,0,7,2,0,0,0,0,9,0,0
2015,East Carolina University,"Public, 4-year or above",1,0,0,5,0,0,0,0,6,3,0,0,0,0,17,3,0,0,3,2,12,0,0,0,0,0,2,0,0,0,1,0,1,0,0,0,0,0,0,0,0,0,0,0,0,0,0,17,2,0,0,1,0,8,0,0
2015,Emory University,"Private nonprofit, 4-year or above",2,0,0,0,0,0,0,0,0,0,1,0,0,0,6,13,0,0,0,3,21,13,1,1,0,2,1,0,0,16,7,0,1,0,0,0,0,0,0,0,0,0,0,0,0,0,0,2,6,0,0,0,0,9,0,1
2015,Ferrum College,"Private nonprofit, 4-year or above",2,0,0,0,0,0,0,0,1,0,0,0,0,0,0,1,0,0,0,0,3,0,0,0,0,0,0,0,0,0,0,0,0,0,0,0,0,0,0,0,0,0,0,0,0,0,0,0,1,0,0,0,0,3,0,0
2015,Florida Atlantic University,"Public, 4-year or above",1,0,0,0,0,0,0,0,0,1,6,0,0,0,5,0,0,0,0,1,26,13,0,0,0,0,0,0,0,0,0,0,0,0,0,0,0,0,0,0,0,0,0,0,0,0,0,3,0,0,0,0,0,10,0,0
2015,Florida International University,"Public, 4-year or above",1,0,0,0,0,0,0,0,0,0,0,0,0,0,8,4,0,0,4,4,20,12,0,0,0,0,0,0,0,0,0,0,1,0,0,0,0,0,0,0,0,0,0,0,0,0,0,6,1,0,0,2,1,8,0,0
2015,Florida State University,"Public, 4-year or above",1,0,0,4,0,0,0,0,0,8,11,1,0,0,24,0,0,0,3,6,25,41,3,0,0,0,0,0,0,1,1,0,0,0,0,0,0,0,0,0,0,0,0,0,0,0,0,22,0,0,0,0,1,15,0,1
2015,Hampden-Sydney College,"Private nonprofit, 4-year or above",2,0,0,0,0,0,0,1,0,1,0,0,0,0,3,1,0,0,0,3,14,1,1,0,0,0,0,0,0,0,0,0,0,0,0,0,0,0,0,0,0,0,0,0,0,0,0,3,1,0,0,0,0,14,0,0
2015,Indiana University-Bloomington,"Public, 4-year or above",1,0,0,10,2,0,0,2,0,6,3,0,0,0,29,14,0,2,1,8,41,7,2,0,0,0,0,0,0,1,5,0,3,0,0,0,0,0,0,0,0,0,0,0,0,0,0,27,12,0,2,0,5,21,0,0
2015,James Madison University,"Public, 4-year or above",1,0,0,0,0,0,0,0,0,0,0,0,0,0,12,4,0,0,1,1,17,2,1,0,0,0,0,0,0,0,0,0,0,0,0,0,0,0,0,0,0,0,0,0,0,0,0,12,4,0,0,0,1,12,0,0
2015,Louisiana State University and Agricultural & Mechanical College,"Public, 4-year or above",1,0,0,1,0,0,0,0,0,0,0,0,0,0,8,2,0,0,5,4,70,27,1,0,0,0,0,0,0,0,0,0,0,0,0,0,0,0,0,0,0,0,0,0,0,0,0,1,2,0,0,1,1,38,0,1
2015,Marshall University,"Public, 4-year or above",1,0,0,0,1,0,0,2,0,0,0,0,0,0,0,1,0,0,2,0,8,0,0,0,0,0,0,0,0,0,0,0,0,0,0,0,0,0,0,0,0,0,0,0,0,0,0,0,0,0,0,0,0,3,0,0
2015,Michigan State University,"Public, 4-year or above",1,0,0,3,1,0,0,0,2,11,4,2,0,0,15,5,0,0,3,14,83,22,2,0,0,0,0,0,0,0,0,0,0,0,0,0,0,0,0,0,0,0,0,0,0,0,0,13,2,0,0,1,8,68,0,1
2015,Monmouth University,"Private nonprofit, 4-year or above",2,0,0,0,0,0,0,0,0,0,0,0,0,0,3,3,0,0,0,0,1,0,0,0,0,0,0,0,0,0,0,0,0,0,0,0,0,0,0,0,0,0,0,0,0,0,0,2,3,0,0,0,0,1,0,0
2015,Murray State University,"Public, 4-year or above",1,0,0,0,0,0,0,0,1,2,0,0,0,0,9,3,0,0,0,1,12,1,2,0,0,0,1,0,0,0,0,0,0,0,0,0,0,0,0,0,0,0,0,0,0,0,0,7,2,0,0,0,0,10,0,2
2015,North Carolina Central University,"Public, 4-year or above",1,0,0,0,0,0,0,0,0,0,0,0,0,0,8,1,0,0,6,4,19,3,3,0,0,0,0,0,0,1,1,0,1,0,0,0,0,0,0,0,0,0,0,0,0,0,0,7,0,0,0,0,0,12,0,3
2015,North Carolina State University at Raleigh,"Public, 4-year or above",1,0,0,0,1,0,0,0,1,4,0,0,0,0,9,5,0,0,0,9,19,9,3,0,0,0,0,0,0,3,6,0,1,0,0,0,0,0,0,0,0,0,0,0,0,0,0,7,1,0,0,0,2,10,0,0
2015,Ohio State University-Main Campus,"Public, 4-year or above",1,0,0,5,1,0,0,0,1,12,5,0,0,0,25,13,0,0,5,7,14,3,3,0,0,0,0,0,0,13,1,0,5,0,0,0,0,0,0,0,0,0,0,0,0,0,0,21,9,0,0,0,2,4,0,3
2015,Ohio University-Main Campus,"Public, 4-year or above",1,0,0,0,0,0,0,0,0,1,0,2,0,0,20,9,0,0,0,0,10,7,2,0,0,0,1,0,0,2,1,0,0,0,0,0,0,0,0,0,0,0,0,0,0,0,0,19,6,0,0,0,0,2,0,1
2015,Prairie View A & M University,"Public, 4-year or above",1,0,0,0,0,0,0,0,0,0,0,0,0,0,6,3,0,0,5,5,22,5,1,0,0,0,0,0,0,0,0,0,0,0,0,0,0,0,0,0,0,0,0,0,0,0,0,6,0,0,0,3,4,17,0,0
2015,Rollins College,"Private nonprofit, 4-year or above",2,0,0,1,0,0,0,0,0,0,0,0,0,0,7,3,0,0,0,1,11,1,0,0,0,0,0,0,0,0,0,0,0,0,0,0,0,0,0,0,0,0,0,0,0,0,0,4,3,0,0,0,0,11,0,0
2015,Rutgers University-New Brunswick,"Public, 4-year or above",1,0,0,5,0,0,0,0,2,1,0,0,0,0,26,14,0,1,8,3,15,1,1,0,0,0,1,0,0,14,1,0,4,0,0,0,0,0,0,0,0,0,0,0,0,0,0,24,8,0,1,2,2,4,0,0
2015,San Diego State University,"Public, 4-year or above",1,0,0,3,0,0,0,0,0,3,2,0,0,0,9,13,0,1,5,7,28,22,0,0,0,0,1,0,0,0,5,0,6,1,0,0,0,0,0,0,0,0,0,0,0,0,0,7,4,0,0,0,4,14,0,0
2015,Southern Methodist University,"Private nonprofit, 4-year or above",2,0,0,0,0,0,0,0,0,0,0,0,0,0,3,0,0,0,0,2,2,0,0,0,0,0,0,0,0,0,0,0,0,0,0,0,0,0,0,0,0,0,0,0,0,0,0,2,0,0,0,0,2,2,0,0
2015,SUNY at Albany,"Public, 4-year or above",1,0,0,0,0,0,0,0,0,0,0,0,0,0,11,6,0,0,4,2,9,10,1,0,0,0,1,0,0,0,0,0,0,0,0,0,0,0,0,0,0,0,0,0,0,0,0,8,4,0,0,0,2,2,0,0
2015,Syracuse University,"Private nonprofit, 4-year or above",2,0,0,2,2,0,0,0,0,2,2,0,0,0,8,6,0,0,1,0,35,3,2,0,0,1,0,0,0,5,6,0,0,1,0,0,0,0,0,0,0,0,0,0,0,0,0,6,3,0,0,0,0,20,0,1
2015,Texas A & M University-College Station,"Public, 4-year or above",1,0,0,2,0,0,0,0,0,10,0,0,0,0,16,9,0,0,1,3,58,15,1,0,0,0,0,0,0,0,0,0,0,0,0,0,0,0,0,0,0,0,0,0,0,0,0,13,6,0,0,0,0,34,0,0
2015,Texas Christian University,"Private nonprofit, 4-year or above",2,0,0,0,0,0,0,0,0,0,0,0,0,0,12,0,0,0,1,2,17,3,1,0,0,0,0,0,0,1,3,0,0,0,0,0,0,0,0,0,0,0,0,0,0,0,0,12,0,0,0,0,0,9,0,1
2015,Texas State University,"Public, 4-year or above",1,0,0,1,0,0,0,1,0,5,0,0,0,0,0,2,0,0,4,1,16,2,0,0,0,0,0,0,0,0,0,0,0,0,0,0,0,0,0,0,0,0,0,0,0,0,0,0,2,0,0,0,0,14,0,0
2015,The University of Texas at Austin,"Public, 4-year or above",1,0,0,2,3,0,0,0,0,8,0,0,0,0,10,3,0,0,3,2,18,8,0,0,0,1,1,0,0,3,3,0,2,0,0,0,0,0,0,0,0,0,0,0,0,0,0,9,2,0,0,0,0,10,0,0
2015,Tufts University,"Private nonprofit, 4-year or above",2,0,0,0,1,0,0,0,0,0,0,0,0,0,18,7,0,0,0,4,11,0,0,0,0,0,0,0,0,1,1,0,4,0,0,0,0,0,0,0,0,0,0,0,0,0,0,16,5,0,0,0,3,4,0,0
2015,University at Buffalo,"Public, 4-year or above",1,0,0,0,0,0,0,1,0,0,0,0,0,0,3,5,0,0,1,5,38,1,2,0,0,1,0,0,0,4,3,0,1,0,0,0,0,0,0,0,0,0,0,0,0,0,0,3,4,0,0,0,0,25,0,2
2015,University of Arizona,"Public, 4-year or above",1,0,0,6,1,0,0,0,0,13,1,1,0,0,10,1,0,0,1,2,20,15,1,0,0,2,0,0,0,3,9,0,1,0,0,0,0,0,0,0,0,0,0,0,0,0,0,9,1,0,0,0,0,5,0,1
2015,University of Arkansas,"Public, 4-year or above",1,0,0,0,0,0,0,0,0,0,3,0,0,0,7,2,0,0,0,0,14,41,0,0,0,0,0,0,0,0,0,0,0,0,0,0,0,0,0,0,0,0,0,0,0,0,0,7,0,0,0,0,0,6,0,0
2015,University of California-Berkeley,"Public, 4-year or above",1,0,0,13,6,0,0,2,3,15,6,1,0,0,16,31,0,0,11,8,43,10,4,0,0,2,1,0,0,28,6,0,15,1,0,0,0,0,0,0,0,0,0,0,0,0,0,10,9,0,0,0,1,10,0,0
2015,University of California-Irvine,"Public, 4-year or above",1,0,0,1,0,0,0,1,1,1,4,0,0,0,19,9,0,0,4,12,57,18,3,0,0,0,0,0,0,0,0,0,0,0,0,0,0,0,0,0,0,0,0,0,0,0,0,15,5,0,0,2,4,36,0,0
2015,University of California-Riverside,"Public, 4-year or above",1,0,0,0,0,0,0,1,1,1,7,0,0,0,8,2,0,0,4,1,28,13,0,0,0,0,0,0,0,3,0,0,0,0,0,0,0,0,0,0,0,0,0,0,0,0,0,4,1,0,0,1,1,16,0,0
2015,University of California-Santa Barbara,"Public, 4-year or above",1,0,0,3,1,0,0,0,2,7,0,1,0,0,14,2,0,0,2,7,13,0,1,0,0,0,0,0,0,0,0,0,0,0,0,0,0,0,0,0,0,0,0,0,0,0,0,13,0,0,0,0,4,6,0,0
2015,University of Central Florida,"Public, 4-year or above",1,0,0,2,0,0,0,1,3,8,1,0,0,0,11,7,0,1,6,9,30,18,0,0,0,0,0,0,0,0,0,0,0,0,0,0,0,0,0,0,0,0,0,0,0,0,0,8,0,0,0,0,1,16,0,0
2015,University of Delaware,"Public, 4-year or above",1,0,0,0,2,0,0,0,0,0,0,0,0,0,13,10,0,0,1,8,7,0,1,0,0,0,0,0,0,0,1,0,0,0,0,0,0,0,0,0,0,0,0,0,0,0,0,8,9,0,0,0,3,1,0,1
2015,University of Idaho,"Public, 4-year or above",1,0,0,3,0,0,0,0,1,1,0,0,0,0,1,4,0,0,0,2,3,0,0,0,0,0,0,0,0,0,0,0,1,0,0,0,0,0,0,0,0,0,0,0,0,0,0,1,1,0,0,0,1,2,0,0
2015,University of Illinois at Urbana-Champaign,"Public, 4-year or above",1,0,0,7,1,0,0,2,1,14,1,1,0,0,8,0,0,0,3,4,6,4,2,0,0,0,0,0,0,2,4,0,1,0,0,0,0,0,0,0,0,0,0,0,0,0,0,7,0,0,0,0,0,2,0,2
2015,University of Iowa,"Public, 4-year or above",1,0,0,4,2,0,0,0,0,4,1,0,0,0,17,106,0,0,2,13,36,6,1,0,0,1,2,0,0,9,21,0,8,0,0,0,0,0,0,0,0,0,0,0,0,0,0,9,91,0,0,0,2,30,0,1
2015,University of Kansas,"Public, 4-year or above",1,0,0,2,0,0,0,0,0,8,3,0,0,0,13,6,0,0,3,9,30,9,1,0,0,2,0,0,0,1,2,0,1,0,0,0,0,0,0,0,0,0,0,0,0,0,0,6,4,0,0,0,0,13,0,1
2015,University of Kentucky,"Public, 4-year or above",1,0,0,0,2,0,0,2,0,6,3,0,0,0,19,17,0,0,1,17,16,32,1,0,0,0,0,0,0,1,0,0,2,0,0,0,0,0,0,0,0,0,0,0,0,0,0,12,3,0,0,0,0,3,0,0
2015,University of Louisiana at Lafayette,"Public, 4-year or above",1,0,0,0,0,0,0,0,0,0,0,0,0,0,2,1,0,0,1,4,20,7,1,0,0,0,0,0,0,0,0,0,0,0,0,0,0,0,0,0,0,0,0,0,0,0,0,2,1,0,0,0,2,10,0,0
2015,University of Michigan-Ann Arbor,"Public, 4-year or above",1,0,0,3,4,0,0,0,1,18,3,0,0,0,18,15,0,0,7,6,14,6,4,0,0,0,0,0,0,2,0,0,1,0,0,0,0,0,0,0,0,0,0,0,0,0,0,10,3,0,0,2,0,4,0,2
2015,University of Mississippi,"Public, 4-year or above",1,0,0,1,0,0,0,0,0,0,0,0,0,0,8,0,0,0,1,4,18,0,0,0,0,0,0,0,0,0,0,0,0,0,0,0,0,0,0,0,0,0,0,0,0,0,0,7,0,0,0,0,1,3,0,0
2015,University of Missouri-Columbia,"Public, 4-year or above",1,0,0,11,3,0,0,1,0,10,6,1,0,0,12,9,0,0,2,3,5,4,0,0,0,0,0,0,0,0,2,0,0,0,0,0,0,0,0,0,0,0,0,0,0,0,0,11,5,0,0,0,0,3,0,0
2015,University of Nebraska-Lincoln,"Public, 4-year or above",1,0,0,0,1,0,0,0,0,1,0,0,0,0,10,3,0,0,3,1,24,4,3,0,0,0,0,0,0,0,0,0,0,0,0,0,0,0,0,0,0,0,0,0,0,0,0,9,1,0,0,0,0,12,0,0
2015,University of Nevada-Reno,"Public, 4-year or above",1,0,0,1,0,0,0,0,0,5,6,0,0,0,1,0,0,0,0,0,7,4,0,0,0,0,0,0,0,1,0,0,0,0,0,0,0,0,0,0,0,0,0,0,0,0,0,1,0,0,0,0,0,0,0,0
2015,University of New Mexico-Main Campus,"Public, 4-year or above",1,0,0,1,1,0,0,0,0,0,2,0,0,0,12,17,0,0,5,14,49,87,2,0,0,0,0,0,0,0,1,0,0,0,0,0,0,0,0,0,0,0,0,0,0,0,0,9,2,0,0,0,5,25,0,0
2015,University of Pittsburgh-Pittsburgh Campus,"Public, 4-year or above",1,0,0,2,0,0,0,0,0,2,0,0,0,0,13,8,0,0,1,2,9,1,2,0,0,2,2,0,0,7,7,0,3,0,0,0,0,0,0,0,0,0,0,0,0,0,0,13,3,0,0,1,2,5,0,0
2015,University of South Carolina-Columbia,"Public, 4-year or above",1,0,0,0,0,0,0,0,0,1,0,0,1,0,5,3,0,0,1,1,13,41,0,0,0,0,0,0,0,0,1,0,5,0,0,0,0,0,0,0,0,0,0,0,0,0,0,4,2,0,0,0,1,9,0,0
2015,University of Southern California,"Private nonprofit, 4-year or above",2,0,0,5,10,0,0,4,1,19,8,0,0,0,5,13,0,4,0,4,10,4,1,0,0,0,7,0,0,6,2,0,1,0,0,0,1,2,0,0,3,2,1,12,0,0,0,5,2,0,2,0,0,6,0,0
2015,University of Vermont,"Public, 4-year or above",1,0,0,3,1,0,0,1,2,3,1,0,0,0,16,9,0,0,0,1,16,1,2,0,0,0,1,0,0,1,0,0,0,0,0,0,0,0,0,0,0,0,0,0,0,0,0,12,2,0,0,0,0,14,0,2
2015,University of Virginia-Main Campus,"Public, 4-year or above",1,0,0,0,0,0,0,0,0,1,1,0,0,0,7,8,0,0,2,3,16,2,0,0,0,0,2,0,0,0,1,0,1,0,0,0,0,0,0,0,0,0,0,0,0,0,0,7,3,0,0,0,0,1,0,0
2015,University of Wisconsin-Madison,"Public, 4-year or above",1,0,0,1,0,0,0,1,1,4,0,0,0,0,9,11,0,0,2,5,31,1,0,0,0,1,0,0,0,4,0,0,0,0,0,0,0,0,0,0,0,0,0,0,0,0,0,9,7,0,0,1,1,11,0,0
2015,Washington State University,"Public, 4-year or above",1,0,0,13,0,0,0,0,1,21,0,0,0,1,13,2,1,0,1,0,34,3,1,0,0,0,0,0,0,0,0,0,3,0,0,0,0,0,0,0,0,0,0,0,0,0,1,11,2,1,0,0,0,19,0,1
2015,West Virginia University,"Public, 4-year or above",1,0,0,0,0,0,0,0,0,4,0,0,0,0,11,0,0,0,2,7,15,2,2,0,0,1,0,0,0,2,2,0,2,0,0,0,0,0,0,0,0,0,0,0,0,0,0,11,0,0,0,0,4,7,0,0
2016,Albany State University,"Public, 4-year or above",1,0,0,0,0,0,0,0,0,0,0,0,0,0,2,3,0,0,0,0,3,0,0,0,0,0,0,0,0,0,0,0,0,0,0,0,0,0,0,0,0,0,0,0,0,0,0,2,2,0,0,0,0,3,0,0
2016,Arkansas State University-Main Campus,"Public, 4-year or above",1,0,0,0,0,0,0,0,0,0,0,0,0,0,7,0,0,0,0,2,1,2,0,0,0,0,0,0,0,0,0,0,0,0,0,0,0,0,0,0,0,0,0,0,0,0,0,7,0,0,0,0,1,1,0,0
2016,Ball State University,"Public, 4-year or above",1,0,0,2,6,0,0,0,2,3,0,0,0,0,13,10,0,0,0,0,2,1,1,0,0,0,0,0,0,0,0,0,0,0,0,0,0,0,0,0,0,0,0,0,0,0,0,12,10,0,0,0,0,1,0,0
2016,California Polytechnic State University-San Luis Obispo,"Public, 4-year or above",1,0,0,2,2,0,0,0,0,4,0,0,0,0,7,3,0,1,1,1,12,0,1,0,0,2,0,0,0,0,0,0,1,0,0,0,0,0,0,0,0,0,0,0,0,0,0,5,2,0,1,0,1,3,0,0
2016,California State University-Chico,"Public, 4-year or above",1,0,0,4,1,0,0,0,0,4,1,0,0,0,6,2,0,0,1,2,5,8,0,0,0,0,0,0,0,1,0,0,1,0,0,0,0,0,0,0,0,0,0,0,0,0,0,6,2,0,0,0,1,0,0,0
2016,Clemson University,"Public, 4-year or above",1,0,0,0,1,0,0,1,1,7,2,0,0,0,8,1,0,0,1,2,21,42,2,0,0,0,0,0,0,0,1,0,1,0,0,0,0,0,0,0,0,0,0,0,0,0,0,2,0,0,0,1,0,2,0,0
2016,College of Charleston,"Public, 4-year or above",1,0,0,0,0,0,0,0,0,1,0,0,0,0,9,0,0,0,0,0,0,2,1,0,0,0,0,0,0,0,1,0,3,0,0,0,0,0,0,0,0,0,0,0,0,0,0,9,0,0,0,0,0,0,0,0
2016,Delaware State University,"Public, 4-year or above",1,0,0,0,0,0,0,0,0,0,0,0,0,0,6,6,0,0,0,7,14,1,1,0,0,0,0,0,0,0,1,0,0,0,0,0,0,0,0,0,0,0,0,0,0,0,0,6,5,0,0,0,7,12,0,0
2016,DePauw University,"Private nonprofit, 4-year or above",2,0,0,8,4,0,0,0,0,13,0,0,0,0,4,3,0,0,0,0,8,1,1,0,0,0,0,0,0,0,0,0,0,0,0,0,0,0,0,0,0,0,0,0,0,0,0,4,3,0,0,0,0,7,0,1
2016,East Carolina University,"Public, 4-year or above",1,0,0,1,0,0,0,0,1,2,4,0,0,0,16,5,0,0,2,2,10,1,1,0,0,0,0,0,0,3,1,0,0,0,0,0,0,0,0,0,0,0,0,0,0,0,0,16,4,0,0,0,0,6,0,1
2016,Emory University,"Private nonprofit, 4-year or above",2,0,0,0,0,0,0,0,0,0,0,0,0,0,6,5,0,0,4,6,31,4,0,1,0,0,0,0,0,7,13,0,1,0,0,0,0,0,0,0,0,0,0,0,0,0,0,3,1,0,0,0,1,10,0,0
2016,Ferrum College,"Private nonprofit, 4-year or above",2,0,0,0,0,0,0,0,0,0,0,0,0,0,1,1,0,0,0,0,3,1,0,0,0,0,0,0,0,0,0,0,0,0,0,0,0,0,0,0,0,0,0,0,0,0,0,1,1,0,0,0,0,3,0,0
2016,Florida Atlantic University,"Public, 4-year or above",1,0,0,0,0,0,0,0,0,2,1,0,0,0,5,0,0,0,3,7,18,12,0,0,0,0,0,0,0,0,0,0,0,0,0,0,0,0,0,0,0,0,0,0,0,0,0,3,0,0,0,0,5,9,0,0
2016,Florida International University,"Public, 4-year or above",1,0,0,0,0,0,0,0,0,0,0,0,0,0,8,4,0,0,7,2,30,17,0,0,0,0,0,0,0,1,0,0,0,0,0,0,0,0,0,0,0,0,0,0,0,0,0,7,0,0,0,2,2,8,0,0
2016,Florida State University,"Public, 4-year or above",1,0,0,2,1,0,0,0,0,11,6,0,0,0,16,1,0,0,5,4,34,22,1,0,0,0,0,0,0,1,1,0,0,0,0,0,0,0,0,0,0,0,0,0,0,0,0,9,0,0,0,0,1,27,0,1
2016,Hampden-Sydney College,"Private nonprofit, 4-year or above",2,0,0,0,0,0,0,0,0,0,0,0,0,0,0,0,0,0,0,3,15,1,2,0,0,0,0,0,0,0,0,0,0,0,0,0,0,0,0,0,0,0,0,0,0,0,0,0,0,0,0,0,1,15,0,2
2016,Indiana University-Bloomington,"Public, 4-year or above",1,0,0,6,0,0,0,0,2,13,3,0,0,0,15,9,0,0,2,1,44,10,3,0,0,0,0,0,0,3,3,0,1,0,0,0,0,0,0,0,0,0,0,0,0,0,0,14,5,0,0,0,1,27,0,2
2016,James Madison University,"Public, 4-year or above",1,0,0,2,1,0,0,0,0,2,0,0,0,0,4,4,0,0,1,0,20,0,3,0,0,0,0,0,0,0,1,0,0,0,0,0,0,0,0,0,0,0,0,0,0,0,0,3,4,0,0,0,0,8,0,1
2016,Louisiana State University and Agricultural & Mechanical College,"Public, 4-year or above",1,0,0,0,0,0,0,0,0,0,0,0,0,0,8,3,0,0,3,6,47,19,1,0,0,0,0,0,0,0,1,0,0,0,0,0,0,0,0,0,0,0,0,0,0,0,0,4,0,0,0,0,1,17,0,1
2016,Marshall University,"Public, 4-year or above",1,0,0,0,0,0,0,0,0,10,0,0,0,0,4,0,0,0,4,0,9,1,1,0,0,0,0,0,0,7,2,0,2,0,0,0,0,0,0,0,0,0,0,0,0,0,0,3,0,0,0,0,0,0,0,0
2016,Michigan State University,"Public, 4-year or above",1,0,0,68,3,0,0,1,4,2,6,3,0,0,17,6,0,0,9,12,73,25,0,0,0,0,0,0,0,0,0,0,0,0,0,0,0,0,0,0,0,0,0,0,0,0,0,15,5,0,0,4,3,48,0,0
2016,Monmouth University,"Private nonprofit, 4-year or above",2,0,0,1,0,0,0,0,0,0,0,0,0,0,4,0,0,0,1,0,0,0,0,0,0,0,0,0,0,0,0,0,0,0,0,0,0,0,0,0,0,0,0,0,0,0,0,2,0,0,0,0,0,0,0,0
2016,Murray State University,"Public, 4-year or above",1,0,0,0,1,0,0,0,0,0,0,0,0,0,12,2,0,0,0,2,7,6,0,0,0,0,0,0,0,0,0,0,0,0,0,0,0,0,0,0,0,0,0,0,0,0,0,10,2,0,0,0,1,5,0,0
2016,North Carolina Central University,"Public, 4-year or above",1,0,0,0,0,0,0,0,0,0,0,0,0,0,7,3,0,0,4,4,30,4,1,0,0,0,0,0,0,4,0,0,0,0,0,0,0,0,0,0,0,0,0,0,0,0,0,6,2,0,0,1,1,17,0,1
2016,North Carolina State University at Raleigh,"Public, 4-year or above",1,0,0,2,1,0,0,1,0,4,0,0,0,0,30,4,0,0,4,6,30,6,2,0,0,0,0,0,0,2,1,0,0,1,0,0,0,0,0,0,0,0,0,0,0,0,0,28,2,0,0,0,2,4,0,1
2016,Ohio State University-Main Campus,"Public, 4-year or above",1,0,0,5,2,0,0,2,1,3,6,0,0,0,61,22,0,0,7,16,19,12,2,0,0,0,0,0,0,7,5,0,3,0,0,0,0,0,0,0,0,0,0,0,0,0,0,50,8,0,0,0,1,6,0,1
2016,Ohio University-Main Campus,"Public, 4-year or above",1,1,0,0,2,0,0,0,0,4,0,1,0,0,32,10,0,0,0,1,15,7,1,0,0,0,3,0,0,1,0,0,0,0,0,0,0,0,0,0,0,0,0,0,0,0,0,26,6,0,0,0,0,10,0,1
2016,Prairie View A & M University,"Public, 4-year or above",1,0,0,0,0,0,0,0,0,0,0,0,0,0,3,0,0,0,4,6,25,2,1,0,0,0,0,0,0,0,0,0,0,0,0,0,0,0,0,0,0,0,0,0,0,0,0,3,0,0,0,1,1,21,0,0
2016,Rollins College,"Private nonprofit, 4-year or above",2,0,0,0,0,0,0,0,0,1,0,0,0,0,16,5,0,0,1,2,9,6,0,0,0,0,0,0,0,0,0,0,0,0,0,0,0,0,0,0,0,0,0,0,0,0,0,13,3,0,0,0,0,7,0,0
2016,Rutgers University-New Brunswick,"Public, 4-year or above",1,0,0,0,0,0,0,0,1,1,0,0,0,0,23,8,0,0,1,7,26,1,7,0,0,0,0,0,0,1,1,0,0,0,0,0,0,0,0,0,0,0,0,0,0,0,0,22,5,0,0,0,2,10,0,4
2016,San Diego State University,"Public, 4-year or above",1,0,0,1,0,0,0,0,0,9,0,0,0,0,4,2,0,1,3,1,39,12,2,0,0,2,0,0,0,8,0,0,14,0,0,0,0,0,0,0,0,0,0,0,0,0,0,3,1,0,0,3,1,12,0,1
2016,Southern Methodist University,"Private nonprofit, 4-year or above",2,0,0,0,0,0,0,2,0,0,0,0,0,0,11,3,0,0,2,2,5,10,2,0,0,0,0,0,0,1,0,0,0,0,0,0,0,0,0,0,0,0,0,0,0,0,0,11,3,0,0,2,2,4,0,2
2016,SUNY at Albany,"Public, 4-year or above",1,0,0,0,0,0,0,0,0,0,0,0,0,0,27,7,0,0,2,1,21,3,2,0,0,0,0,0,0,0,0,0,0,0,0,0,0,0,0,0,0,0,0,0,0,0,0,26,4,0,0,1,0,17,0,2
2016,Syracuse University,"Private nonprofit, 4-year or above",2,1,0,2,2,0,0,0,0,8,0,0,0,0,12,3,0,0,0,2,40,3,2,0,0,0,0,0,0,0,6,0,1,0,0,0,0,0,0,0,0,0,0,0,0,0,0,12,1,0,0,0,0,26,0,1
2016,Texas A & M University-College Station,"Public, 4-year or above",1,0,0,3,1,0,0,0,0,0,1,0,0,0,39,11,0,0,5,23,57,31,3,0,0,0,2,0,0,2,3,0,3,0,0,0,0,0,0,0,0,0,0,0,0,0,0,31,5,0,0,0,6,28,0,0
2016,Texas Christian University,"Private nonprofit, 4-year or above",2,0,0,0,0,0,0,0,0,0,0,0,0,0,4,1,0,0,0,0,19,4,1,0,0,0,0,0,0,1,0,0,0,0,0,0,0,0,0,0,0,0,0,0,0,0,0,3,0,0,0,0,0,8,0,1
2016,Texas State University,"Public, 4-year or above",1,0,0,1,0,0,0,1,0,0,0,0,0,0,6,0,0,0,0,0,25,9,1,0,0,0,0,0,0,0,0,0,0,0,0,0,0,0,0,0,0,0,0,0,0,0,0,4,0,0,0,0,0,8,0,0
2016,The University of Texas at Austin,"Public, 4-year or above",1,0,0,1,0,0,0,0,3,4,2,0,2,0,16,2,0,1,4,9,12,3,0,0,0,1,1,0,0,0,7,0,9,0,0,0,0,0,0,0,0,0,0,0,0,0,0,12,1,0,1,0,6,3,0,0
2016,Tufts University,"Private nonprofit, 4-year or above",2,0,0,0,2,0,0,0,0,0,0,0,0,0,7,20,0,0,3,6,18,0,1,0,0,0,1,0,0,7,6,0,3,0,0,0,0,0,0,0,0,0,0,0,0,0,0,6,12,0,0,0,1,8,0,0
2016,University at Buffalo,"Public, 4-year or above",1,0,0,0,0,0,0,0,0,0,0,0,0,0,2,5,0,0,2,5,26,1,2,0,0,1,0,0,0,3,1,0,2,0,0,0,0,0,0,0,0,0,0,0,0,0,0,2,4,0,0,0,1,15,0,2
2016,University of Arizona,"Public, 4-year or above",1,0,0,11,0,0,0,0,1,16,1,0,0,0,13,3,0,0,0,5,28,14,0,0,0,0,3,0,0,3,1,0,3,0,0,0,0,0,0,0,0,0,0,0,0,0,0,8,0,0,0,0,2,16,0,0
2016,University of Arkansas,"Public, 4-year or above",1,0,0,0,0,0,0,0,1,5,3,0,0,0,5,2,0,0,1,3,12,30,1,0,0,0,0,0,0,0,1,0,3,0,0,0,0,0,0,0,0,0,0,0,0,0,0,4,2,0,0,0,1,7,0,1
2016,University of California-Berkeley,"Public, 4-year or above",1,0,0,8,3,0,1,1,2,20,17,1,0,0,33,16,0,1,10,8,32,36,3,0,0,1,1,0,0,26,14,0,19,2,0,0,0,0,0,0,0,0,0,0,0,0,0,21,4,0,0,2,2,5,0,2
2016,University of California-Irvine,"Public, 4-year or above",1,0,0,0,0,0,0,0,1,6,0,0,0,0,21,23,0,0,2,3,45,13,4,0,0,0,0,0,0,0,0,0,0,0,0,0,0,0,0,0,0,0,0,0,0,0,0,18,5,0,0,0,2,17,0,0
2016,University of California-Riverside,"Public, 4-year or above",1,0,0,0,0,0,0,1,0,1,1,0,0,0,5,7,0,0,6,1,29,19,1,0,0,0,0,0,0,1,0,0,0,0,0,0,0,0,0,0,0,0,0,0,0,0,0,5,4,0,0,0,1,19,0,1
2016,University of California-Santa Barbara,"Public, 4-year or above",1,0,0,8,0,0,0,0,4,3,0,0,0,0,17,4,0,1,0,13,31,2,1,0,0,1,0,0,0,0,1,0,2,0,0,0,0,0,0,0,0,0,0,0,0,0,0,15,4,0,1,0,7,20,0,0
2016,University of Central Florida,"Public, 4-year or above",1,0,0,1,0,0,0,0,1,4,1,0,0,0,16,4,0,2,4,6,35,14,0,0,0,0,0,0,0,0,1,0,0,0,0,0,0,0,0,0,0,0,0,0,0,0,0,14,1,0,1,2,1,9,0,0
2016,University of Delaware,"Public, 4-year or above",1,0,0,1,3,0,0,0,0,3,0,0,0,0,5,1,0,0,0,6,7,1,1,0,0,0,0,0,0,1,1,0,0,0,0,0,0,0,0,0,0,0,0,0,0,0,0,5,1,0,0,0,1,4,0,0
2016,University of Idaho,"Public, 4-year or above",1,0,0,1,1,0,0,0,1,1,0,0,0,0,2,0,0,0,0,0,1,1,0,0,0,0,0,0,0,0,0,0,1,0,0,0,0,0,0,0,0,0,0,0,0,0,0,2,0,0,0,0,0,1,0,0
2016,University of Illinois at Urbana-Champaign,"Public, 4-year or above",1,0,0,11,1,0,0,1,9,10,8,0,1,0,17,4,0,0,3,3,32,4,3,0,0,0,0,0,0,1,3,0,1,0,0,0,0,0,0,0,0,0,0,0,0,1,0,14,1,0,0,0,1,11,0,2
2016,University of Iowa,"Public, 4-year or above",1,0,0,1,3,0,0,1,17,0,1,0,0,0,20,20,0,0,0,20,30,13,4,0,0,4,6,0,0,3,31,0,3,1,0,0,0,0,0,0,0,0,0,0,0,0,0,16,4,0,0,0,2,24,0,3
2016,University of Kansas,"Public, 4-year or above",1,0,0,7,0,0,0,1,1,7,3,0,0,0,6,8,0,0,1,14,26,5,0,0,0,0,1,0,0,3,0,0,4,0,0,0,0,0,0,0,0,0,0,0,0,0,0,5,6,0,0,0,0,16,0,0
2016,University of Kentucky,"Public, 4-year or above",1,0,0,0,0,0,0,0,1,0,0,0,0,2,18,20,0,0,4,14,25,29,2,0,0,0,0,0,0,0,0,0,0,0,0,0,0,0,0,0,0,0,0,0,0,0,0,15,1,0,0,0,0,3,0,0
2016,University of Louisiana at Lafayette,"Public, 4-year or above",1,0,0,0,0,0,0,0,0,0,0,0,0,0,1,0,0,0,4,0,23,7,0,0,0,0,0,0,0,0,0,0,0,0,0,0,0,0,0,0,0,0,0,0,0,0,0,0,0,0,0,3,0,9,0,0
2016,University of Michigan-Ann Arbor,"Public, 4-year or above",1,0,0,6,2,0,0,0,2,10,0,0,0,0,13,13,0,0,2,4,11,4,3,0,0,1,0,0,0,2,3,0,3,2,0,0,0,0,0,0,0,0,0,0,0,0,0,6,7,0,0,0,1,1,0,1
2016,University of Mississippi,"Public, 4-year or above",1,0,0,1,0,0,0,0,0,0,0,0,0,0,8,0,0,0,1,2,18,7,0,0,0,1,0,0,0,0,0,0,0,0,0,0,0,0,0,0,0,0,0,0,0,0,0,2,0,0,0,0,0,6,0,0
2016,University of Missouri-Columbia,"Public, 4-year or above",1,0,0,3,0,0,0,0,1,6,0,0,0,0,19,7,0,0,0,2,3,5,0,0,0,0,0,0,0,0,1,0,0,0,0,0,0,0,0,0,0,0,0,0,0,0,0,13,2,0,0,0,0,1,0,0
2016,University of Nebraska-Lincoln,"Public, 4-year or above",1,0,0,0,0,0,0,0,0,1,1,0,0,0,12,11,0,0,0,5,12,5,0,0,0,0,2,0,0,0,0,0,0,1,0,0,0,0,0,0,0,0,0,0,0,0,0,12,4,0,0,0,1,5,0,0
2016,University of Nevada-Reno,"Public, 4-year or above",1,0,0,0,0,0,0,0,0,1,1,0,0,0,2,1,0,0,2,0,13,4,0,0,0,0,0,0,0,0,0,0,0,0,0,0,0,0,0,0,0,0,0,0,0,0,0,2,1,0,0,0,0,1,0,0
2016,University of New Mexico-Main Campus,"Public, 4-year or above",1,0,0,0,1,0,0,1,0,0,1,0,0,0,14,10,0,0,5,11,28,140,3,0,0,0,0,0,0,0,0,0,0,0,0,0,0,0,0,0,0,0,0,0,0,0,0,10,3,0,0,0,2,8,0,1
2016,University of Pittsburgh-Pittsburgh Campus,"Public, 4-year or above",1,0,0,0,0,0,0,0,0,0,0,0,0,0,13,9,0,0,0,3,6,0,0,0,0,0,2,0,0,9,0,0,3,0,0,0,0,0,0,0,0,0,0,0,0,0,0,12,6,0,0,0,0,1,0,0
2016,University of South Carolina-Columbia,"Public, 4-year or above",1,0,0,0,0,0,0,0,0,1,0,0,0,0,4,1,0,0,1,1,7,65,0,0,0,0,0,0,0,0,0,0,0,0,0,0,0,0,0,0,0,0,0,0,0,0,0,4,1,0,0,0,1,2,0,0
2016,University of Southern California,"Private nonprofit, 4-year or above",2,0,0,7,6,0,0,4,1,12,3,2,1,0,11,10,0,0,2,2,28,5,0,0,0,0,3,0,0,7,1,0,0,0,0,0,5,4,0,0,8,5,4,9,0,0,0,8,1,0,0,0,1,3,0,0
2016,University of Vermont,"Public, 4-year or above",1,0,0,5,1,0,0,0,2,0,0,0,0,0,19,13,0,0,0,3,11,0,2,0,0,0,0,0,0,0,1,0,0,0,0,0,0,0,0,0,0,0,0,0,0,0,0,12,4,0,0,0,0,10,0,2
2016,University of Virginia-Main Campus,"Public, 4-year or above",1,0,0,4,2,0,0,0,0,0,0,0,0,0,10,7,0,0,0,7,22,3,0,0,0,1,0,0,0,0,2,0,0,0,0,0,0,0,0,0,0,0,0,0,0,0,0,10,3,0,0,0,0,8,0,0
2016,University of Wisconsin-Madison,"Public, 4-year or above",1,0,0,0,2,0,0,0,1,3,0,0,0,0,7,28,0,0,1,4,34,3,2,0,0,0,0,0,0,3,4,0,1,0,0,0,0,0,0,0,0,0,0,0,0,0,0,6,8,0,0,0,0,16,0,1
2016,Washington State University,"Public, 4-year or above",1,0,0,21,3,0,0,0,3,11,5,0,0,0,8,7,0,0,2,4,36,2,2,0,0,5,0,0,0,0,0,0,0,0,0,0,0,0,0,0,0,0,0,0,0,0,0,8,6,0,0,1,0,25,0,2
2016,West Virginia University,"Public, 4-year or above",1,0,0,3,0,0,0,0,0,7,1,0,0,0,9,1,0,0,3,0,11,2,1,0,0,0,0,0,0,2,0,0,0,0,0,0,0,0,0,0,0,0,0,0,0,0,0,9,1,0,0,0,0,7,0,1
2017,Albany State University,"Public, 4-year or above",1,0,0,0,0,0,0,0,0,0,0,0,0,0,5,0,0,0,0,2,18,1,0,0,0,0,0,0,0,0,0,0,0,0,0,0,0,0,0,0,0,0,0,0,0,0,0,5,0,0,0,0,1,16,0,0
2017,Arkansas State University-Main Campus,"Public, 4-year or above",1,0,0,1,0,0,0,0,0,0,0,0,0,0,5,0,0,0,0,2,11,0,1,0,0,0,0,0,0,0,0,0,0,0,0,0,0,0,0,0,0,0,0,0,0,0,0,5,0,0,0,0,1,9,0,1
2017,Ball State University,"Public, 4-year or above",1,0,0,6,0,0,0,0,2,3,0,0,0,0,21,16,0,0,0,0,6,2,0,0,0,0,0,0,0,0,1,0,0,0,0,0,0,0,0,0,0,0,0,0,0,0,0,17,12,0,0,0,0,5,0,0
2017,California Polytechnic State University-San Luis Obispo,"Public, 4-year or above",1,0,0,1,1,0,0,0,0,3,0,0,0,0,10,7,0,0,0,2,13,7,0,0,0,0,0,0,0,1,0,0,0,0,0,0,0,0,0,0,0,0,0,0,0,0,0,7,3,0,0,0,0,2,0,0
2017,California State University-Chico,"Public, 4-year or above",1,0,0,3,0,0,0,0,0,0,0,0,0,0,9,1,0,0,1,4,13,9,0,0,0,0,1,0,0,3,0,0,1,0,0,0,0,0,0,0,0,0,0,0,0,0,0,9,0,0,0,0,1,2,0,0
2017,Clemson University,"Public, 4-year or above",1,0,0,4,0,0,0,0,0,1,3,0,0,0,7,2,0,0,1,4,20,34,1,0,0,0,0,0,0,0,0,0,0,0,0,0,0,0,0,0,0,0,0,0,0,0,0,5,1,0,0,0,0,6,0,0
2017,College of Charleston,"Public, 4-year or above",1,0,0,0,0,0,0,0,1,0,0,0,0,0,8,0,0,0,0,0,1,1,0,0,0,0,1,0,0,0,4,0,3,0,0,0,0,0,0,0,0,0,0,0,0,0,0,7,0,0,0,0,0,0,0,0
2017,Delaware State University,"Public, 4-year or above",1,0,0,0,0,0,0,0,0,0,0,0,0,0,10,2,0,35,7,6,17,1,0,0,0,0,0,0,0,0,1,0,0,0,0,0,0,0,0,0,0,0,0,0,0,0,0,10,0,0,35,5,3,14,0,0
2017,DePauw University,"Private nonprofit, 4-year or above",2,0,0,8,1,0,0,0,0,2,0,1,0,0,6,4,0,0,0,2,8,0,0,0,0,0,0,0,0,0,0,0,0,0,0,0,0,0,0,0,0,0,0,0,0,0,0,4,3,0,0,0,1,4,0,0
2017,East Carolina University,"Public, 4-year or above",1,0,0,0,0,0,0,1,1,3,0,0,0,0,16,7,0,0,0,1,8,3,0,0,0,0,0,0,0,1,0,0,0,0,0,0,0,0,0,0,0,0,0,0,0,0,0,15,5,0,0,0,1,7,0,0
2017,Emory University,"Private nonprofit, 4-year or above",2,0,0,0,0,0,0,1,0,0,0,0,1,0,9,8,0,0,1,5,43,6,0,0,0,0,0,0,0,10,0,0,0,0,0,0,0,0,0,0,0,0,0,0,0,0,0,8,4,0,0,0,0,13,0,0
2017,Ferrum College,"Private nonprofit, 4-year or above",2,0,0,0,0,0,0,0,0,0,0,0,0,0,0,1,0,0,2,0,3,0,0,0,0,0,0,0,0,0,0,0,0,0,0,0,0,0,0,0,0,0,0,0,0,0,0,0,1,0,0,1,0,3,0,0
2017,Florida Atlantic University,"Public, 4-year or above",1,0,0,0,0,0,0,0,0,0,0,0,0,0,12,6,0,0,1,2,20,21,0,0,0,0,0,0,0,0,0,0,0,0,0,0,0,0,0,0,0,0,0,0,0,0,0,10,4,0,0,0,1,4,0,0
2017,Florida International University,"Public, 4-year or above",1,0,0,0,0,0,0,0,0,0,0,0,0,0,6,5,0,0,3,1,24,20,0,0,0,0,0,0,0,0,0,0,0,0,0,0,0,0,0,0,0,0,0,0,0,0,0,5,1,0,0,1,1,5,0,0
2017,Florida State University,"Public, 4-year or above",1,0,0,1,0,0,0,0,0,6,3,0,0,0,12,2,0,0,7,4,24,19,1,0,0,0,0,0,0,1,0,0,0,0,0,0,0,0,0,0,0,0,0,0,0,0,0,11,0,0,0,0,0,20,0,1
2017,Hampden-Sydney College,"Private nonprofit, 4-year or above",2,0,0,0,0,0,0,0,0,0,0,0,0,0,1,0,0,0,0,3,10,1,2,0,0,0,0,0,0,0,0,0,0,0,0,0,0,0,0,0,0,0,0,0,0,0,0,1,0,0,0,0,0,10,0,0
2017,Indiana University-Bloomington,"Public, 4-year or above",1,0,0,5,1,0,0,0,2,17,1,0,0,0,20,6,0,0,4,3,35,5,2,0,0,1,0,0,0,0,4,0,0,0,0,0,0,0,0,0,0,0,0,0,0,0,0,17,5,0,0,2,2,18,0,2
2017,James Madison University,"Public, 4-year or above",1,0,0,0,0,0,0,0,0,0,0,0,0,0,8,0,0,0,0,2,12,4,2,0,0,0,0,0,0,0,1,0,0,0,0,0,0,0,0,0,0,0,0,0,0,0,0,7,0,0,0,0,0,4,0,2
2017,Louisiana State University and Agricultural & Mechanical College,"Public, 4-year or above",1,0,0,1,0,0,0,0,0,3,0,0,0,1,10,2,0,0,2,12,40,7,0,0,0,0,0,0,0,1,1,0,0,0,0,0,0,0,0,0,0,0,0,0,0,0,1,1,1,0,0,0,2,17,0,0
2017,Marshall University,"Public, 4-year or above",1,0,0,0,0,0,0,0,0,1,0,0,0,0,2,4,0,0,3,1,7,1,0,1,0,1,0,0,0,13,2,0,0,0,0,0,0,0,0,0,0,0,0,0,0,0,0,2,4,0,0,0,1,2,0,0
2017,Michigan State University,"Public, 4-year or above",1,0,0,152,12,0,0,1,0,6,7,0,0,0,26,14,0,0,1,14,94,30,0,0,0,0,0,0,0,1,1,0,0,0,0,0,0,0,0,0,0,0,0,0,0,0,0,14,7,0,0,0,4,82,0,0
2017,Monmouth University,"Private nonprofit, 4-year or above",2,0,0,0,0,0,0,0,0,0,0,0,0,0,9,1,0,0,1,0,0,0,0,0,0,0,0,0,0,0,0,0,0,0,0,0,0,0,0,0,0,0,0,0,0,0,0,6,0,0,0,0,0,0,0,0
2017,Murray State University,"Public, 4-year or above",1,0,0,1,1,0,0,0,1,2,0,0,0,0,9,7,0,0,0,0,6,0,1,0,0,0,0,0,0,0,0,0,0,0,0,0,0,0,0,0,0,0,0,0,0,0,0,8,4,0,0,0,0,5,0,0
2017,North Carolina Central University,"Public, 4-year or above",1,0,0,0,0,0,0,0,0,1,0,0,0,0,5,5,0,0,5,13,44,1,0,0,0,2,0,0,0,2,1,0,0,0,0,0,0,0,0,0,0,0,0,0,0,0,0,3,1,0,0,1,11,37,0,0
2017,North Carolina State University at Raleigh,"Public, 4-year or above",1,0,0,3,3,0,0,1,3,2,1,0,0,0,15,17,0,0,3,14,30,6,1,0,0,0,2,0,0,3,0,0,1,0,0,0,0,0,0,0,0,0,0,0,0,0,0,12,8,0,0,0,7,7,0,0
2017,Ohio State University-Main Campus,"Public, 4-year or above",1,0,0,15,14,0,0,4,13,14,12,1,0,0,72,30,0,0,7,8,49,6,3,0,0,0,1,0,0,0,0,0,0,0,0,0,0,0,0,0,0,0,0,0,0,0,0,57,16,0,0,2,6,35,1,2
2017,Ohio University-Main Campus,"Public, 4-year or above",1,0,0,0,0,0,0,0,0,1,0,0,0,0,33,9,0,0,3,1,16,2,3,0,0,1,1,0,0,2,0,0,0,0,0,0,0,0,0,0,0,0,0,0,0,0,0,28,3,0,0,1,0,8,1,1
2017,Prairie View A & M University,"Public, 4-year or above",1,0,0,2,0,0,0,0,0,0,0,0,0,0,11,2,0,0,4,7,55,4,0,0,0,0,0,0,0,0,0,0,0,1,0,0,0,0,0,0,0,0,0,0,0,0,0,7,0,0,0,2,4,44,0,0
2017,Rollins College,"Private nonprofit, 4-year or above",2,0,0,0,0,0,0,0,0,0,0,0,0,0,9,0,0,0,0,1,9,2,0,0,0,0,0,0,0,0,0,0,0,0,0,0,0,0,0,0,0,0,0,0,0,0,0,5,0,0,0,0,1,7,0,0
2017,Rutgers University-New Brunswick,"Public, 4-year or above",1,0,0,0,0,0,0,0,1,0,0,0,0,0,30,8,0,0,2,4,15,1,3,0,0,0,1,0,0,1,1,0,3,0,0,0,0,0,0,0,0,0,0,0,0,0,0,24,4,0,0,0,2,8,0,2
2017,San Diego State University,"Public, 4-year or above",1,0,0,0,0,0,0,0,0,5,0,0,0,0,5,3,0,1,8,1,50,14,1,0,0,0,2,0,0,7,0,0,6,0,0,0,0,0,0,0,0,0,0,0,0,0,0,3,1,0,1,2,1,18,0,0
2017,Southern Methodist University,"Private nonprofit, 4-year or above",2,0,0,0,0,0,0,0,0,0,1,0,0,0,9,1,0,0,0,4,11,6,1,0,0,0,0,0,0,0,0,0,0,0,0,0,0,0,0,0,0,0,0,0,0,0,0,8,0,0,0,0,0,10,0,1
2017,SUNY at Albany,"Public, 4-year or above",1,0,0,0,0,0,0,0,0,0,0,0,0,0,19,16,0,0,5,0,12,13,2,0,0,0,0,0,0,0,0,0,0,1,0,0,0,0,0,0,0,0,0,0,0,0,0,17,13,0,0,4,0,7,0,1
2017,Syracuse University,"Private nonprofit, 4-year or above",2,0,0,4,0,0,0,0,1,6,0,0,0,0,13,6,0,0,2,0,28,0,2,0,0,0,0,0,0,1,5,0,0,0,0,0,0,0,0,0,0,0,0,0,0,0,0,12,4,0,0,1,0,22,0,1
2017,Texas A & M University-College Station,"Public, 4-year or above",1,0,0,2,1,0,0,0,0,5,4,0,0,0,97,25,0,0,2,12,49,11,3,0,0,0,0,0,0,0,3,0,0,0,0,0,0,0,0,0,0,0,0,0,0,0,0,93,18,0,0,1,1,18,0,2
2017,Texas Christian University,"Private nonprofit, 4-year or above",2,0,0,0,0,0,0,0,0,0,0,0,1,0,11,6,0,0,1,2,20,6,0,0,0,0,0,0,0,0,0,0,0,0,0,0,0,0,0,0,0,0,0,0,0,0,0,11,5,0,0,0,1,18,0,0
2017,Texas State University,"Public, 4-year or above",1,0,0,2,0,0,0,0,0,0,0,0,0,0,15,0,0,1,3,1,17,4,1,0,0,0,0,0,0,0,2,0,0,0,0,0,0,0,0,0,0,0,0,0,0,0,0,6,0,0,0,3,1,8,1,0
2017,The University of Texas at Austin,"Public, 4-year or above",1,0,0,4,1,0,0,0,0,3,8,0,1,0,12,2,0,0,0,3,11,6,2,0,0,1,0,0,0,5,10,0,5,0,0,0,0,0,0,0,0,0,0,0,0,0,0,9,0,0,0,0,0,3,0,1
2017,Tufts University,"Private nonprofit, 4-year or above",2,0,0,0,0,0,0,0,0,0,0,0,1,0,3,10,0,0,1,5,8,3,0,0,0,0,0,0,0,5,8,0,4,0,0,0,0,0,0,0,0,0,0,0,0,0,0,3,6,0,0,0,1,0,0,0
2017,University at Buffalo,"Public, 4-year or above",1,0,0,0,0,0,0,0,1,0,0,0,0,0,3,7,0,0,0,4,31,3,9,0,0,0,0,0,0,4,0,0,0,0,0,0,0,0,0,0,0,0,0,0,0,0,0,3,4,0,0,0,2,25,0,9
2017,University of Arizona,"Public, 4-year or above",1,1,0,11,0,0,0,0,4,25,5,0,0,0,10,2,0,0,3,5,43,11,0,0,0,1,1,0,0,1,2,0,1,0,0,0,0,0,0,0,0,0,0,0,0,0,0,6,1,0,0,2,1,11,0,0
2017,University of Arkansas,"Public, 4-year or above",1,0,0,0,1,0,0,0,0,1,10,0,0,0,9,5,0,0,2,1,20,53,0,0,0,0,0,0,0,1,0,0,2,0,0,0,0,0,0,0,0,0,0,0,0,0,0,8,3,0,0,0,1,7,0,0
2017,University of California-Berkeley,"Public, 4-year or above",1,0,0,9,5,0,0,1,9,20,15,1,0,0,21,16,0,0,26,37,38,21,7,0,0,2,9,0,0,28,13,0,26,3,0,0,0,0,0,0,0,0,0,0,0,0,0,14,9,0,0,3,2,12,0,2
2017,University of California-Irvine,"Public, 4-year or above",1,0,0,1,0,0,0,0,0,2,0,0,0,0,15,5,0,0,0,0,30,9,1,0,0,0,0,0,0,0,0,0,0,0,0,0,0,0,0,0,0,0,0,0,0,0,0,11,2,0,0,0,0,23,0,0
2017,University of California-Riverside,"Public, 4-year or above",1,0,0,0,0,0,0,0,0,2,2,0,0,0,10,8,0,0,6,1,35,8,2,0,0,0,1,0,0,2,0,0,0,0,0,0,0,0,0,0,0,0,0,0,0,0,0,9,5,0,0,0,1,23,0,2
2017,University of California-Santa Barbara,"Public, 4-year or above",1,0,0,8,0,0,0,0,1,1,0,0,0,0,24,10,0,1,1,6,34,2,0,0,0,0,0,0,0,1,3,0,3,0,0,0,0,0,0,0,0,0,0,0,0,0,0,19,7,0,1,1,5,22,0,0
2017,University of Central Florida,"Public, 4-year or above",1,0,0,5,0,0,0,1,2,1,2,0,0,0,19,8,0,2,2,11,27,9,0,0,0,0,0,0,0,0,0,0,0,0,0,0,0,0,0,0,0,0,0,0,0,0,0,16,5,0,0,0,2,13,0,0
2017,University of Delaware,"Public, 4-year or above",1,0,0,0,0,0,0,0,0,0,0,1,0,0,3,4,0,0,1,1,5,1,4,0,0,0,3,0,0,2,3,0,1,0,0,0,0,0,0,0,0,0,0,0,0,0,0,3,3,0,0,0,0,2,0,3
2017,University of Idaho,"Public, 4-year or above",1,0,0,4,1,0,0,0,1,2,0,1,0,0,2,3,0,0,0,0,3,1,0,0,0,0,0,0,0,0,0,0,0,0,0,0,0,0,0,0,0,0,0,0,0,0,0,2,3,0,0,0,0,1,0,0
2017,University of Illinois at Urbana-Champaign,"Public, 4-year or above",1,0,0,15,1,0,0,1,0,7,2,0,0,0,35,14,0,0,2,7,18,4,3,0,0,0,0,0,0,1,2,0,0,0,0,0,0,0,0,0,0,0,0,0,0,0,0,29,11,0,0,0,3,9,0,1
2017,University of Iowa,"Public, 4-year or above",1,0,0,11,5,0,0,0,8,7,0,1,0,0,24,51,0,0,2,23,21,12,2,1,0,2,1,0,0,8,23,0,6,0,0,0,0,0,0,0,0,0,0,0,0,0,0,15,8,0,0,0,1,4,0,0
2017,University of Kansas,"Public, 4-year or above",1,0,0,2,0,0,0,1,3,7,2,0,0,0,13,13,0,0,2,14,16,7,0,0,0,0,0,0,0,1,1,0,8,0,0,0,0,0,0,0,0,0,0,0,0,0,0,9,5,0,0,0,1,7,0,0
2017,University of Kentucky,"Public, 4-year or above",1,0,0,1,1,0,0,0,0,1,2,1,0,0,17,22,0,0,2,5,31,24,3,0,0,0,0,0,0,0,3,0,0,0,0,0,0,0,0,0,0,0,0,0,0,0,0,12,2,0,0,0,0,13,0,2
2017,University of Louisiana at Lafayette,"Public, 4-year or above",1,0,0,0,0,0,0,0,0,0,0,0,0,0,2,2,0,0,1,1,45,2,1,0,0,0,0,0,0,0,0,0,0,0,0,0,0,0,0,0,0,0,0,0,0,0,0,1,2,0,0,0,0,7,0,0
2017,University of Michigan-Ann Arbor,"Public, 4-year or above",1,0,0,9,4,0,0,1,1,4,1,0,0,0,15,10,0,0,2,10,18,7,3,0,0,1,0,0,0,2,2,0,1,0,0,0,0,0,0,0,0,0,0,0,0,0,0,12,5,0,0,1,3,6,0,2
2017,University of Mississippi,"Public, 4-year or above",1,0,0,7,0,0,0,0,1,0,1,0,0,0,8,0,0,0,1,8,16,7,0,0,0,0,0,0,0,0,0,0,0,0,0,0,0,0,0,0,0,0,0,0,0,0,0,6,0,0,0,0,7,2,0,0
2017,University of Missouri-Columbia,"Public, 4-year or above",1,0,0,6,2,0,0,1,1,3,3,0,0,0,11,11,0,0,1,0,3,10,5,0,0,0,0,0,0,1,3,0,0,0,0,0,0,0,0,0,0,0,0,0,0,0,0,7,5,0,0,0,0,2,0,4
2017,University of Nebraska-Lincoln,"Public, 4-year or above",1,0,0,3,0,0,0,2,0,0,1,1,0,0,116,107,0,0,1,6,8,3,0,0,0,0,0,0,0,0,3,0,0,0,0,0,0,0,0,0,0,0,0,0,0,0,0,61,2,0,0,0,2,2,0,0
2017,University of Nevada-Reno,"Public, 4-year or above",1,0,0,2,0,0,0,0,0,3,0,0,0,0,3,0,0,0,0,3,28,5,0,0,0,0,0,0,0,0,0,0,0,0,0,0,0,0,0,0,0,0,0,0,0,0,0,2,0,0,0,0,1,4,0,0
2017,University of New Mexico-Main Campus,"Public, 4-year or above",1,0,0,1,0,0,0,0,0,0,9,0,0,0,18,12,0,0,7,15,39,211,4,0,0,0,0,0,0,1,4,0,2,0,0,0,0,0,0,0,0,0,0,0,0,0,0,13,4,0,0,2,2,12,0,1
2017,University of Pittsburgh-Pittsburgh Campus,"Public, 4-year or above",1,0,0,0,0,0,0,0,0,5,0,0,0,0,9,5,0,0,0,2,1,0,1,0,0,0,0,0,0,3,4,0,1,0,0,0,0,0,0,0,0,0,0,0,0,0,0,8,4,0,0,0,0,0,0,1
2017,University of South Carolina-Columbia,"Public, 4-year or above",1,0,0,2,0,0,0,0,0,1,3,0,0,0,9,1,0,0,2,3,15,54,0,0,0,0,0,0,0,0,3,0,3,0,0,0,0,0,0,0,0,0,0,0,0,0,0,7,0,0,0,1,1,14,0,0
2017,University of Southern California,"Private nonprofit, 4-year or above",2,0,0,7,4,0,0,1,1,14,2,1,0,0,10,8,0,0,0,6,26,6,4,0,0,0,5,0,0,8,5,0,0,0,0,0,3,3,0,0,13,18,14,20,0,0,0,7,4,0,0,0,1,16,0,1
2017,University of Vermont,"Public, 4-year or above",1,0,0,1,1,0,0,1,2,5,1,0,0,0,13,5,0,0,0,1,7,0,2,0,0,0,0,0,0,0,0,0,0,0,0,0,0,0,0,0,0,0,0,0,0,0,0,8,4,0,0,0,1,4,0,1
2017,University of Virginia-Main Campus,"Public, 4-year or above",1,0,0,3,2,0,0,0,0,1,0,0,0,0,12,6,0,0,0,6,9,4,1,0,0,1,1,0,0,2,1,0,0,0,0,0,0,0,0,0,0,0,0,0,0,0,0,9,3,0,0,0,1,9,0,0
2017,University of Wisconsin-Madison,"Public, 4-year or above",1,0,0,1,0,0,0,1,7,5,4,1,0,0,13,11,0,0,1,6,46,1,1,0,0,0,0,0,0,4,8,0,5,0,0,0,0,0,0,0,0,0,0,0,0,0,0,11,4,0,0,0,5,11,0,1
2017,Washington State University,"Public, 4-year or above",1,0,0,7,1,0,0,0,0,4,0,0,0,0,10,5,0,0,0,1,27,7,1,0,0,0,0,0,0,0,0,0,1,0,0,0,0,0,0,0,0,0,0,0,0,0,0,10,2,0,0,0,0,15,0,0
2017,West Virginia University,"Public, 4-year or above",1,0,0,5,1,0,0,1,0,4,0,1,0,0,12,1,0,0,1,1,7,2,1,0,0,1,0,0,0,4,2,0,1,0,0,0,0,0,0,0,0,0,0,0,0,0,0,11,0,0,0,0,1,4,0,0
2018,Albany State University,"Public, 4-year or above",1,0,0,0,0,0,0,0,0,0,0,0,0,0,6,0,0,0,1,2,7,0,0,0,0,0,0,0,0,0,0,0,0,0,0,0,0,0,0,0,0,0,0,0,0,0,0,6,0,0,0,1,1,7,0,0
2018,Arkansas State University-Main Campus,"Public, 4-year or above",1,0,0,0,0,0,0,0,0,0,0,0,0,0,6,7,0,0,0,0,4,2,0,0,0,0,0,0,0,0,0,0,0,0,0,0,0,0,0,0,0,0,0,0,0,0,0,6,3,0,0,0,0,3,0,0
2018,Ball State University,"Public, 4-year or above",1,0,0,2,3,0,0,0,0,2,0,0,0,0,10,11,0,0,0,2,14,2,0,0,0,0,0,0,0,0,0,0,0,0,0,0,0,0,0,0,0,0,0,0,0,0,0,9,6,0,0,0,1,6,0,0
2018,California Polytechnic State University-San Luis Obispo,"Public, 4-year or above",1,0,0,0,0,0,1,0,0,1,2,0,0,0,7,2,0,0,0,1,8,4,2,0,0,0,0,0,0,0,0,0,1,0,0,0,0,0,0,0,0,0,0,0,0,0,0,5,2,0,0,0,0,1,0,1
2018,California State University-Chico,"Public, 4-year or above",1,0,0,1,1,0,0,0,0,0,0,0,1,0,7,2,0,0,1,4,5,1,2,0,0,0,1,0,0,4,1,0,0,0,0,0,0,0,0,0,0,0,0,0,0,0,0,6,0,0,0,0,0,1,0,0
2018,Clemson University,"Public, 4-year or above",1,0,0,0,1,0,0,0,2,0,2,0,0,0,4,3,0,0,2,2,11,29,2,0,0,0,0,0,0,0,0,0,0,0,0,0,0,0,0,0,0,0,0,0,0,0,0,3,1,0,0,0,0,6,0,1
2018,College of Charleston,"Public, 4-year or above",1,0,0,0,0,0,0,0,0,0,0,0,0,0,6,3,0,0,0,0,0,1,0,0,0,0,2,0,0,0,3,0,3,0,0,0,0,0,0,0,0,0,0,0,0,0,0,6,2,0,0,0,0,0,0,0
2018,Delaware State University,"Public, 4-year or above",1,0,0,0,0,0,0,0,0,0,0,0,0,0,9,1,0,0,3,2,12,2,1,0,0,0,1,0,0,0,0,0,0,0,0,0,0,0,0,0,0,0,0,0,0,0,0,5,1,0,0,2,1,10,0,0
2018,DePauw University,"Private nonprofit, 4-year or above",2,0,0,4,0,0,0,0,0,4,1,0,0,0,8,4,0,0,0,1,5,1,0,0,0,0,0,0,0,0,0,0,0,0,0,0,0,0,0,0,0,0,0,0,0,0,0,8,4,0,0,0,1,4,0,0
2018,East Carolina University,"Public, 4-year or above",1,0,0,4,1,0,0,1,2,3,0,0,0,0,14,5,0,0,2,7,7,2,1,0,0,0,1,0,0,1,1,0,0,0,0,0,0,0,0,0,0,0,0,0,0,0,0,14,3,0,0,0,4,5,0,1
2018,Emory University,"Private nonprofit, 4-year or above",2,0,0,0,0,0,0,0,0,0,0,0,0,0,12,15,0,0,2,1,36,7,0,0,0,0,1,0,0,1,1,0,1,0,0,0,0,0,0,0,0,0,0,0,0,0,0,7,2,0,0,0,0,10,0,0
2018,Ferrum College,"Private nonprofit, 4-year or above",2,0,0,0,0,0,0,0,0,0,0,0,0,0,5,1,0,0,1,0,2,0,0,0,0,0,0,0,0,0,0,0,0,0,0,0,0,0,0,0,0,0,0,0,0,0,0,5,1,0,0,0,0,2,0,0
2018,Florida Atlantic University,"Public, 4-year or above",1,0,0,0,0,0,0,0,0,0,1,0,0,0,8,7,0,0,1,11,21,8,0,0,0,0,0,0,0,0,0,0,0,0,0,0,0,0,0,0,0,0,0,0,0,0,0,6,4,0,0,0,5,8,0,0
2018,Florida International University,"Public, 4-year or above",1,0,0,0,0,0,0,0,0,0,0,0,0,0,17,6,0,0,1,5,21,9,0,0,0,0,0,0,0,0,0,0,0,0,0,0,0,0,0,0,0,0,0,0,0,0,0,1,2,0,0,0,1,10,0,0
2018,Florida State University,"Public, 4-year or above",1,0,0,1,1,0,0,0,0,2,6,0,0,0,5,2,0,0,2,3,45,30,0,0,0,0,0,0,0,0,0,0,0,0,0,0,0,0,0,0,0,0,0,0,0,0,0,3,0,0,0,0,0,26,0,0
2018,Hampden-Sydney College,"Private nonprofit, 4-year or above",2,0,0,0,0,0,0,0,0,0,0,0,0,0,0,0,0,0,0,1,9,1,1,0,0,0,0,0,0,0,0,0,0,0,0,0,0,0,0,0,0,0,0,0,0,0,0,0,0,0,0,0,0,8,0,1
2018,Indiana University-Bloomington,"Public, 4-year or above",1,0,0,9,1,0,0,1,1,36,0,0,0,0,13,10,0,0,3,6,39,2,3,0,0,0,0,0,0,0,6,0,1,0,0,0,0,0,0,0,0,0,0,0,0,0,0,12,9,0,0,2,3,16,0,1
2018,James Madison University,"Public, 4-year or above",1,0,0,0,1,0,0,1,0,1,0,0,0,0,8,4,0,0,0,5,7,1,0,0,0,0,0,0,0,1,0,0,0,0,0,0,0,0,0,0,0,0,0,0,0,0,0,7,3,0,0,0,4,6,0,0
2018,Louisiana State University and Agricultural & Mechanical College,"Public, 4-year or above",1,0,0,0,0,0,0,0,0,0,0,0,0,0,12,2,0,0,5,1,44,9,0,0,0,0,0,0,0,0,0,0,0,0,0,0,0,0,0,0,0,0,0,0,0,0,0,11,2,0,0,0,1,14,0,0
2018,Marshall University,"Public, 4-year or above",1,0,0,0,0,0,0,0,0,2,0,0,0,0,5,1,0,0,1,1,9,1,0,0,0,2,0,0,0,7,1,0,0,0,0,0,0,0,0,0,0,0,0,0,0,0,0,3,0,0,0,0,1,2,0,0
2018,Michigan State University,"Public, 4-year or above",1,0,0,969,146,0,0,0,1,3,10,0,0,0,43,16,0,0,2,23,48,47,0,0,0,0,0,0,0,0,0,0,0,0,0,0,0,0,0,0,0,0,0,0,0,0,0,24,2,0,0,0,6,37,0,0
2018,Monmouth University,"Private nonprofit, 4-year or above",2,0,0,2,0,0,0,0,0,0,0,0,0,0,4,1,0,5,0,0,0,0,0,0,0,0,0,0,0,1,0,0,0,0,0,0,0,0,0,0,0,0,0,0,0,0,0,2,0,0,5,0,0,0,0,0
2018,Murray State University,"Public, 4-year or above",1,0,0,1,3,0,0,0,0,2,0,0,0,0,4,6,0,0,0,2,11,0,0,0,0,0,0,0,0,0,0,0,0,0,0,0,0,0,0,0,0,0,0,0,0,0,0,4,2,0,0,0,0,6,0,0
2018,North Carolina Central University,"Public, 4-year or above",1,0,0,0,0,0,0,0,0,0,0,0,0,0,10,5,0,0,4,4,10,4,1,0,0,0,0,0,0,0,1,0,0,0,0,0,0,0,0,0,0,0,0,0,0,0,0,9,3,0,0,2,4,7,0,1
2018,North Carolina State University at Raleigh,"Public, 4-year or above",1,0,0,2,3,0,0,0,1,1,1,0,0,0,9,16,0,0,1,5,13,2,2,0,0,0,2,0,0,3,0,0,4,1,0,0,0,0,0,0,0,0,0,0,0,0,0,8,6,0,0,0,2,5,0,1
2018,Ohio State University-Main Campus,"Public, 4-year or above",1,0,0,18,2,0,0,1,4,16,2,0,0,0,123,1040,0,0,4,7,95,11,6,0,0,0,5,0,0,1,0,0,0,0,0,0,0,0,0,0,0,0,0,0,0,0,0,80,22,0,0,1,3,47,0,4
2018,Ohio University-Main Campus,"Public, 4-year or above",1,0,0,4,1,0,0,0,1,1,0,0,0,0,34,7,0,1,1,7,7,2,0,0,0,0,0,0,0,1,0,0,0,0,0,0,0,0,0,0,0,0,0,0,0,0,0,29,4,0,0,0,4,3,0,0
2018,Prairie View A & M University,"Public, 4-year or above",1,0,0,1,0,0,0,1,0,2,0,0,0,0,15,2,0,0,3,18,33,4,0,0,0,0,0,0,0,0,0,0,0,0,0,0,0,0,0,0,0,0,0,0,0,0,0,11,0,0,0,0,14,30,0,0
2018,Rollins College,"Private nonprofit, 4-year or above",2,0,0,0,0,0,0,0,0,1,0,0,0,0,7,4,0,0,0,0,6,7,0,0,0,1,0,0,0,0,0,0,0,0,0,0,0,0,0,0,0,0,0,0,0,0,0,6,3,0,0,0,0,3,0,0
2018,Rutgers University-New Brunswick,"Public, 4-year or above",1,0,0,1,1,0,0,0,0,0,0,0,0,0,15,6,0,0,1,3,10,2,1,0,0,1,0,0,0,5,2,0,3,0,0,0,0,0,0,0,0,0,0,0,0,0,0,10,3,0,0,1,1,3,0,1
2018,San Diego State University,"Public, 4-year or above",1,0,0,1,0,0,0,0,0,3,0,0,0,0,7,1,0,0,3,2,26,6,0,0,0,1,0,0,0,7,5,0,2,0,0,0,0,0,0,0,0,0,0,0,0,0,0,7,0,0,0,0,2,5,0,0
2018,Southern Methodist University,"Private nonprofit, 4-year or above",2,0,0,0,0,0,0,0,0,0,0,0,0,0,9,4,0,0,0,2,19,2,1,0,0,0,0,0,0,0,0,0,0,0,0,0,0,0,0,0,0,0,0,0,0,0,0,9,2,0,0,0,0,14,0,1
2018,SUNY at Albany,"Public, 4-year or above",1,0,0,0,0,0,0,0,0,0,0,0,0,0,19,4,0,0,4,1,23,8,0,0,0,0,0,0,0,0,0,0,0,0,0,0,0,0,0,0,0,0,0,0,0,0,0,19,4,0,0,0,0,14,0,0
2018,Syracuse University,"Private nonprofit, 4-year or above",2,0,0,1,0,0,0,0,3,5,1,0,0,0,10,5,0,0,2,2,38,4,3,0,0,0,0,0,0,0,2,0,0,0,0,0,0,0,0,0,0,0,0,0,0,0,0,10,3,0,0,1,1,31,0,2
2018,Texas A & M University-College Station,"Public, 4-year or above",1,0,0,1,0,0,0,0,0,0,0,0,0,0,44,161,0,0,5,24,69,9,0,0,0,0,0,0,0,0,1,0,1,0,0,0,0,0,0,0,0,0,0,0,0,0,0,32,24,0,0,0,5,15,0,0
2018,Texas Christian University,"Private nonprofit, 4-year or above",2,0,0,0,0,0,0,0,0,0,0,0,0,0,7,3,0,0,0,1,14,2,1,0,0,0,0,0,0,0,0,0,0,0,0,0,0,0,0,0,0,0,0,0,0,0,0,7,3,0,0,0,0,8,0,0
2018,Texas State University,"Public, 4-year or above",1,0,0,0,0,0,0,0,0,0,0,0,0,0,14,4,0,0,1,1,14,2,0,0,0,0,0,0,0,1,1,0,0,0,0,0,0,0,0,0,0,0,0,0,0,0,0,12,1,0,0,0,0,3,0,0
2018,The University of Texas at Austin,"Public, 4-year or above",1,0,0,3,0,0,0,2,1,4,9,0,0,0,15,2,0,0,1,7,7,9,1,0,0,0,0,0,0,3,6,0,5,0,0,0,0,0,0,0,0,0,0,0,0,0,0,10,0,0,0,0,1,1,0,1
2018,Tufts University,"Private nonprofit, 4-year or above",2,0,0,0,0,0,0,0,0,0,0,0,0,0,6,7,0,0,1,1,8,0,0,0,0,0,1,0,0,3,5,0,2,0,0,0,0,0,0,0,0,0,0,0,0,0,0,6,2,0,0,0,0,3,0,0
2018,University at Buffalo,"Public, 4-year or above",1,0,0,0,0,0,0,0,0,0,0,0,0,0,7,5,0,0,0,2,24,1,2,0,0,0,0,0,0,3,3,0,1,0,0,0,0,0,0,0,0,0,0,0,0,0,0,3,5,0,0,0,2,8,0,2
2018,University of Arizona,"Public, 4-year or above",1,0,0,3,1,0,1,2,1,19,8,1,0,0,11,2,0,0,0,3,25,20,0,0,0,0,1,0,0,3,7,0,5,0,0,0,0,0,0,0,0,0,0,0,0,0,0,8,2,0,0,0,0,11,0,0
2018,University of Arkansas,"Public, 4-year or above",1,0,0,0,0,0,0,0,1,1,2,0,0,0,11,5,0,0,1,2,10,60,0,0,0,0,0,0,0,1,0,0,3,0,0,0,0,0,0,0,0,0,0,0,0,0,0,11,5,0,0,0,0,4,0,0
2018,University of California-Berkeley,"Public, 4-year or above",1,0,0,9,3,0,0,2,24,32,14,0,0,0,19,9,0,0,10,9,33,31,1,0,0,1,2,0,0,29,8,0,26,3,0,0,0,0,0,0,0,0,0,0,0,0,0,13,4,0,0,1,1,8,0,0
2018,University of California-Irvine,"Public, 4-year or above",1,0,0,0,2,0,0,0,0,1,0,0,0,0,18,16,0,1,0,0,45,3,1,0,0,0,0,0,0,0,0,0,5,0,0,0,0,0,0,0,0,0,0,0,0,0,0,18,10,0,1,0,0,35,0,0
2018,University of California-Riverside,"Public, 4-year or above",1,0,0,0,0,0,0,1,2,2,1,0,0,0,10,9,0,0,1,7,18,21,0,0,0,0,2,0,0,2,0,0,0,0,0,0,0,0,0,0,0,0,0,0,0,0,0,7,4,0,0,1,2,9,0,0
2018,University of California-Santa Barbara,"Public, 4-year or above",1,0,0,7,0,0,0,1,5,1,0,0,0,0,20,9,0,0,4,4,18,5,0,0,0,2,0,0,0,0,0,0,0,0,0,0,0,0,0,0,0,0,0,0,0,0,0,18,5,0,0,2,4,10,0,0
2018,University of Central Florida,"Public, 4-year or above",1,0,0,1,0,0,0,0,0,2,1,0,0,0,20,16,0,0,4,10,15,6,0,0,0,0,0,0,0,0,0,0,0,0,0,0,0,0,0,0,0,0,0,0,0,0,0,17,6,0,0,0,2,8,0,0
2018,University of Delaware,"Public, 4-year or above",1,0,0,1,0,0,0,0,0,0,0,0,0,0,7,4,0,0,2,3,4,1,1,0,0,0,0,0,0,1,4,0,0,0,0,0,0,0,0,0,0,0,0,0,0,0,0,4,4,0,0,0,2,1,0,1
2018,University of Idaho,"Public, 4-year or above",1,0,0,1,0,0,0,0,0,1,0,0,0,0,1,4,0,0,0,0,2,0,0,0,0,0,0,0,0,0,0,0,0,0,0,0,0,0,0,0,0,0,0,0,0,0,0,1,4,0,0,0,0,1,0,0
2018,University of Illinois at Urbana-Champaign,"Public, 4-year or above",1,0,0,7,3,0,0,1,1,5,0,1,0,0,30,17,0,0,2,3,9,2,3,0,0,0,3,0,0,3,8,0,1,0,0,0,0,0,0,0,0,0,0,0,0,0,0,21,10,0,0,0,0,7,0,3
2018,University of Iowa,"Public, 4-year or above",1,0,0,13,1,0,0,0,2,2,1,0,0,0,31,41,0,0,0,16,17,9,2,0,0,6,5,0,0,8,24,0,5,0,0,0,0,0,0,0,0,0,0,0,0,0,0,22,11,0,0,0,4,14,0,1
2018,University of Kansas,"Public, 4-year or above",1,0,0,3,1,0,0,0,6,19,6,0,1,0,13,13,0,0,4,18,16,5,0,0,0,0,0,0,0,0,2,0,7,0,0,0,0,0,0,0,0,0,0,0,0,0,0,13,8,0,0,0,3,10,0,0
2018,University of Kentucky,"Public, 4-year or above",1,0,0,2,0,0,0,0,0,0,3,0,0,0,21,22,0,0,0,5,21,16,1,1,0,0,2,0,0,2,1,0,0,0,0,0,0,0,0,0,0,0,0,0,0,0,0,15,1,0,0,0,2,2,0,1
2018,University of Louisiana at Lafayette,"Public, 4-year or above",1,0,0,0,0,0,0,0,0,4,0,0,0,0,0,0,0,0,0,1,19,8,0,0,0,0,0,0,0,1,0,0,0,0,0,0,0,0,0,0,0,0,0,0,0,0,0,0,0,0,0,0,1,3,0,0
2018,University of Michigan-Ann Arbor,"Public, 4-year or above",1,0,0,2,1,0,0,0,3,0,0,0,0,0,43,30,0,0,3,19,15,7,4,0,0,1,1,0,0,0,1,0,1,0,0,0,0,0,0,0,0,0,0,0,0,0,0,21,6,0,0,0,0,9,0,1
2018,University of Mississippi,"Public, 4-year or above",1,0,0,2,0,0,0,0,0,0,0,0,0,0,6,1,0,0,4,2,22,10,0,0,0,0,0,0,0,0,0,0,0,0,0,0,0,0,0,0,0,0,0,0,0,0,0,6,0,0,0,0,1,1,0,0
2018,University of Missouri-Columbia,"Public, 4-year or above",1,0,0,4,1,0,0,0,2,3,3,0,0,0,6,12,0,0,0,2,5,15,2,0,0,0,0,0,0,0,1,0,0,0,0,0,0,0,0,0,0,0,0,0,0,0,0,6,3,0,0,0,0,0,0,0
2018,University of Nebraska-Lincoln,"Public, 4-year or above",1,0,0,0,0,0,0,2,1,14,2,0,0,0,16,8,0,0,0,8,11,3,1,0,0,0,0,0,0,0,0,0,0,0,0,0,0,0,0,0,0,0,0,0,0,0,0,11,7,0,0,0,2,6,0,0
2018,University of Nevada-Reno,"Public, 4-year or above",1,0,0,0,1,0,0,1,0,5,1,0,0,0,14,5,0,0,0,1,17,8,0,0,0,0,0,0,0,0,0,0,0,0,0,0,0,0,0,0,0,0,0,0,0,0,0,11,0,0,0,0,1,2,0,0
2018,University of New Mexico-Main Campus,"Public, 4-year or above",1,0,0,0,2,0,0,0,1,1,4,0,0,0,24,11,0,0,5,10,35,130,1,0,0,0,0,0,0,2,6,0,0,0,0,0,0,0,0,0,0,0,0,0,0,0,0,14,1,0,0,0,1,9,0,0
2018,University of Pittsburgh-Pittsburgh Campus,"Public, 4-year or above",1,0,0,0,1,0,0,0,0,1,0,0,0,0,6,5,0,0,0,4,4,3,0,0,0,0,1,0,0,5,3,0,1,0,0,0,0,0,0,0,0,0,0,0,0,0,0,4,4,0,0,0,1,3,0,0
2018,University of South Carolina-Columbia,"Public, 4-year or above",1,0,0,0,1,0,0,0,0,0,0,0,0,0,9,5,0,0,0,3,15,21,1,0,0,0,1,0,0,0,2,0,2,0,0,0,0,0,0,0,0,0,0,0,0,0,0,8,4,0,0,0,0,5,0,1
2018,University of Southern California,"Private nonprofit, 4-year or above",2,0,0,11,5,0,0,1,2,14,2,1,0,0,114,28,0,1,6,4,21,2,0,0,0,0,4,0,0,14,8,0,1,1,0,0,3,1,0,0,17,15,5,21,0,0,0,9,8,0,1,1,0,9,0,0
2018,University of Vermont,"Public, 4-year or above",1,0,0,5,1,0,0,2,0,3,0,0,0,0,22,9,0,0,0,0,11,3,0,0,0,0,0,0,0,0,1,0,0,0,0,0,0,0,0,0,0,0,0,0,0,0,0,19,8,0,0,0,0,8,0,0
2018,University of Virginia-Main Campus,"Public, 4-year or above",1,0,0,0,0,0,0,1,2,2,2,0,0,0,28,16,0,0,0,6,14,6,0,0,0,0,0,0,0,2,1,0,0,0,0,0,0,0,0,0,0,0,0,0,0,0,0,20,6,0,0,0,2,8,0,0
2018,University of Wisconsin-Madison,"Public, 4-year or above",1,0,0,4,1,0,0,0,15,5,2,0,0,0,13,13,0,0,3,11,43,1,1,0,0,0,2,0,0,6,13,0,4,0,0,0,0,0,0,0,0,0,0,0,0,0,0,10,2,0,0,0,3,15,0,0
2018,Washington State University,"Public, 4-year or above",1,0,0,10,1,0,0,0,0,0,4,0,0,0,27,8,0,0,1,2,11,12,0,0,0,1,1,0,0,0,0,0,3,0,0,0,0,0,0,0,0,0,0,0,0,0,0,26,5,0,0,0,0,5,0,0
2018,West Virginia University,"Public, 4-year or above",1,0,0,0,0,0,0,0,0,5,0,0,0,0,7,1,0,0,3,2,13,3,0,0,0,0,0,0,0,0,4,0,3,1,0,0,0,0,0,0,0,0,0,0,0,0,0,7,1,0,0,1,2,10,0,0
2019,Albany State University,"Public, 4-year or above",1,0,0,0,0,0,0,0,0,0,0,0,0,0,1,1,0,0,3,3,1,0,0,0,0,0,0,0,0,0,0,0,0,0,0,0,0,0,0,0,0,0,0,0,0,0,0,1,0,0,0,0,0,1,0,0
2019,Arkansas State University-Main Campus,"Public, 4-year or above",1,0,0,0,0,0,0,0,0,0,0,0,0,0,4,2,0,0,0,2,5,2,0,0,0,0,0,0,0,0,0,0,0,0,0,0,0,0,0,0,0,0,0,0,0,0,0,4,1,0,0,0,1,5,0,0
2019,Ball State University,"Public, 4-year or above",1,0,0,3,0,0,0,0,1,1,0,0,0,0,9,10,0,0,1,1,13,0,0,0,0,0,1,0,0,1,0,0,0,0,0,0,0,0,0,0,0,0,0,0,0,0,0,8,8,0,0,1,1,11,0,0
2019,California Polytechnic State University-San Luis Obispo,"Public, 4-year or above",1,0,0,0,0,0,0,0,0,0,0,0,0,0,20,5,0,0,0,1,15,2,0,0,0,0,0,0,0,0,0,0,0,0,0,0,0,0,0,0,0,0,0,0,0,0,0,19,3,0,0,0,0,2,0,0
2019,California State University-Chico,"Public, 4-year or above",1,0,0,0,0,0,0,0,0,0,0,0,0,0,8,3,0,2,1,3,2,6,1,0,0,0,0,0,0,4,1,0,1,0,0,0,0,0,0,0,0,0,0,0,0,0,0,7,2,0,2,0,3,1,0,0
2019,Clemson University,"Public, 4-year or above",1,0,0,2,0,0,0,0,1,1,1,0,0,0,6,0,0,0,0,0,7,20,1,0,0,0,0,0,0,0,0,0,0,0,0,0,0,0,0,0,0,0,0,0,0,0,0,4,0,0,0,0,0,1,0,0
2019,College of Charleston,"Public, 4-year or above",1,0,0,0,0,0,0,0,0,0,0,0,0,0,10,5,0,0,0,2,0,0,0,0,0,0,1,0,0,1,1,0,3,0,0,0,0,0,0,0,0,0,0,0,0,0,0,10,3,0,0,0,1,0,0,0
2019,Delaware State University,"Public, 4-year or above",1,0,0,0,0,0,0,0,0,0,0,0,0,0,5,6,0,0,4,10,10,0,0,0,0,0,0,0,0,0,0,0,0,0,0,0,0,0,0,0,0,0,0,0,0,0,0,5,4,0,0,1,7,6,0,0
2019,DePauw University,"Private nonprofit, 4-year or above",2,0,0,2,4,0,0,0,2,1,0,1,0,0,5,5,0,0,0,0,8,0,0,0,0,0,0,0,0,0,0,0,0,0,0,0,0,0,0,0,0,0,0,0,0,0,0,4,4,0,0,0,0,3,0,0
2019,East Carolina University,"Public, 4-year or above",1,0,0,0,0,0,0,0,0,0,0,0,0,0,32,11,0,0,3,3,10,1,0,0,0,0,0,0,0,1,0,0,0,0,0,0,0,0,0,0,0,0,0,0,0,0,0,32,8,0,0,0,2,5,0,0
2019,Emory University,"Private nonprofit, 4-year or above",2,0,0,0,0,0,0,0,0,1,1,0,0,0,15,6,0,0,4,1,22,8,2,0,0,0,0,0,0,3,1,0,3,0,0,0,0,0,0,0,0,0,0,0,0,0,0,8,1,0,0,0,0,8,0,1
2019,Ferrum College,"Private nonprofit, 4-year or above",2,0,0,0,0,0,0,0,0,0,0,0,0,0,1,2,0,0,0,0,3,0,0,0,0,0,0,0,0,0,0,0,0,0,0,0,0,0,0,0,0,0,0,0,0,0,0,1,2,0,0,0,0,2,0,0
2019,Florida Atlantic University,"Public, 4-year or above",1,0,0,1,0,0,0,0,1,0,0,0,0,0,11,9,0,0,2,8,13,9,0,0,0,0,0,0,0,0,0,0,0,0,0,0,0,0,0,0,0,0,0,0,0,0,0,6,2,0,0,0,1,7,0,0
2019,Florida International University,"Public, 4-year or above",1,0,0,0,0,0,0,0,0,0,0,0,0,0,19,11,0,0,4,4,16,3,1,0,0,0,0,0,0,0,0,0,0,0,0,0,0,0,0,0,0,0,0,0,0,0,0,19,7,0,0,3,4,7,0,1
2019,Florida State University,"Public, 4-year or above",1,0,0,2,0,0,0,1,0,6,0,0,0,0,1,0,0,0,9,0,28,22,1,0,0,0,0,0,0,2,0,0,1,0,0,0,0,0,0,0,0,0,0,0,0,0,0,0,0,0,0,0,0,7,0,0
2019,Hampden-Sydney College,"Private nonprofit, 4-year or above",2,0,0,0,0,0,0,0,0,0,0,0,0,0,3,1,0,0,1,0,1,1,2,0,0,0,0,0,0,0,0,0,0,0,0,0,0,0,0,0,0,0,0,0,0,0,0,2,1,0,0,0,0,1,0,0
2019,Indiana University-Bloomington,"Public, 4-year or above",1,0,0,2,0,0,0,1,2,6,2,0,0,0,19,5,0,0,0,6,17,12,15,0,0,0,0,0,0,2,0,0,0,0,0,0,0,0,0,0,0,0,0,0,0,0,0,15,2,0,0,0,3,9,0,3
2019,James Madison University,"Public, 4-year or above",1,0,0,0,0,0,0,0,0,0,0,0,0,0,10,4,0,0,0,1,8,0,1,0,0,0,0,0,0,0,0,0,0,0,0,0,0,0,0,0,0,0,0,0,0,0,0,10,3,0,0,0,1,7,0,1
2019,Louisiana State University and Agricultural & Mechanical College,"Public, 4-year or above",1,2,0,0,0,0,0,0,0,0,0,0,0,0,15,8,0,0,3,3,33,14,1,0,0,0,0,0,0,0,2,0,0,0,0,0,0,0,0,0,0,0,0,0,0,0,0,7,2,0,0,1,0,25,0,1
2019,Marshall University,"Public, 4-year or above",1,0,0,0,0,0,0,1,1,4,1,0,0,0,5,1,0,0,1,2,4,1,0,0,0,2,0,0,0,4,3,0,5,0,0,0,0,0,0,0,0,0,0,0,0,0,0,4,0,0,0,0,0,4,0,0
2019,Michigan State University,"Public, 4-year or above",1,0,0,11,2,0,0,1,1,6,11,0,0,0,29,82,0,0,0,9,63,35,0,0,0,0,1,0,0,2,2,0,2,0,0,0,0,0,0,0,0,0,0,0,0,0,0,14,6,0,0,0,3,46,0,0
2019,Monmouth University,"Private nonprofit, 4-year or above",2,0,0,0,0,0,0,0,0,0,0,0,0,0,5,2,0,0,0,0,3,0,0,0,0,0,0,0,0,0,0,0,0,0,0,0,0,0,0,0,0,0,0,0,0,0,0,5,2,0,0,0,0,1,0,0
2019,Murray State University,"Public, 4-year or above",1,0,0,0,0,0,0,0,1,1,0,0,0,0,7,5,0,0,0,1,6,0,0,0,0,0,1,0,0,0,0,0,0,0,0,0,0,0,0,0,0,0,0,0,0,0,0,6,5,0,0,0,0,3,0,0
2019,North Carolina Central University,"Public, 4-year or above",1,0,0,0,0,0,0,0,1,0,0,0,0,0,13,2,0,0,2,5,11,1,2,0,0,0,0,0,0,1,1,0,0,0,0,0,0,0,0,0,0,0,0,0,0,0,0,12,1,0,0,2,3,10,0,2
2019,North Carolina State University at Raleigh,"Public, 4-year or above",1,0,0,0,0,0,0,3,0,2,0,0,0,0,14,4,0,0,5,5,18,7,1,0,0,0,0,0,0,0,0,0,0,0,0,0,0,0,0,0,0,0,0,0,0,0,0,14,3,0,0,0,1,9,0,1
2019,Ohio State University-Main Campus,"Public, 4-year or above",1,0,0,14,8,0,0,2,16,22,8,0,1,0,215,1252,0,0,5,23,71,11,7,1,0,0,0,0,0,4,8,0,2,0,0,0,0,0,0,0,0,0,0,0,0,0,0,104,18,0,0,0,8,34,0,3
2019,Ohio University-Main Campus,"Public, 4-year or above",1,0,0,1,0,0,0,0,0,0,0,0,0,0,24,11,0,0,1,5,5,3,1,0,0,0,0,0,0,0,0,0,0,0,0,0,0,0,0,0,0,0,0,0,0,0,0,22,10,0,0,0,2,1,0,0
2019,Prairie View A & M University,"Public, 4-year or above",1,1,0,0,0,0,0,0,0,0,0,0,0,0,18,2,0,0,5,27,60,16,0,0,0,0,0,0,0,0,0,0,0,0,0,0,0,0,0,0,0,0,0,0,0,0,0,16,1,0,0,0,9,52,0,0
2019,Rollins College,"Private nonprofit, 4-year or above",2,0,0,0,0,0,0,0,0,0,0,0,0,0,7,2,0,0,0,0,2,8,20,0,0,2,0,0,0,0,0,0,0,0,0,0,0,0,0,0,0,0,0,0,0,0,0,6,0,0,0,0,0,1,0,20
2019,Rutgers University-New Brunswick,"Public, 4-year or above",1,0,0,2,1,0,0,0,0,0,1,0,0,0,25,12,0,0,3,12,31,0,0,0,0,1,0,0,0,3,1,0,0,0,0,0,0,0,0,0,0,0,0,0,0,0,0,23,5,0,0,3,4,11,0,0
2019,San Diego State University,"Public, 4-year or above",1,0,0,0,3,0,0,2,1,3,2,0,0,0,7,2,0,0,3,4,23,12,3,0,0,0,0,0,0,0,2,0,0,1,0,0,0,0,0,0,0,0,0,0,0,0,0,5,2,0,0,1,1,11,0,3
2019,Southern Methodist University,"Private nonprofit, 4-year or above",2,0,0,0,0,0,0,2,0,0,0,0,0,0,7,3,0,0,2,2,12,18,0,0,0,0,0,0,0,0,0,0,0,0,0,0,0,0,0,0,0,0,0,0,0,0,0,7,0,0,0,0,0,8,0,0
2019,SUNY at Albany,"Public, 4-year or above",1,0,0,1,0,0,0,0,0,0,0,0,0,0,19,9,0,0,1,2,8,10,1,0,0,0,0,0,0,0,0,0,0,0,0,0,0,0,0,0,0,0,0,0,0,0,0,17,4,0,0,0,0,7,0,1
2019,Syracuse University,"Private nonprofit, 4-year or above",2,0,0,1,1,0,0,0,4,4,2,0,0,0,10,5,0,0,2,2,7,3,0,0,0,0,0,0,0,1,2,0,2,0,0,0,0,0,0,0,0,0,0,0,0,0,0,10,4,0,0,0,1,6,0,0
2019,Texas A & M University-College Station,"Public, 4-year or above",1,0,0,1,0,0,0,0,0,1,0,0,0,0,27,31,0,0,7,14,43,33,1,0,0,0,0,0,0,1,4,0,2,0,0,0,0,0,0,0,0,0,0,0,0,0,0,25,16,0,0,1,3,19,1,1
2019,Texas Christian University,"Private nonprofit, 4-year or above",2,0,0,0,0,0,0,0,0,0,0,0,0,0,9,2,0,0,2,0,14,4,1,0,0,0,0,0,0,1,0,0,0,0,0,0,0,0,0,0,0,0,0,0,0,0,0,9,2,0,0,0,0,5,0,1
2019,Texas State University,"Public, 4-year or above",1,0,0,0,4,0,0,0,0,0,0,0,0,0,28,8,0,0,4,7,40,0,1,0,0,0,0,0,0,1,1,0,0,0,0,0,0,0,0,0,0,0,0,0,0,0,0,26,6,0,0,2,4,28,0,0
2019,The University of Texas at Austin,"Public, 4-year or above",1,0,0,3,0,0,1,1,2,3,6,0,0,1,18,4,0,0,2,10,17,6,0,0,0,2,1,0,0,0,2,0,3,0,0,0,0,0,0,0,0,0,0,0,0,0,0,15,2,0,0,1,1,4,0,0
2019,Tufts University,"Private nonprofit, 4-year or above",2,0,0,0,1,0,0,0,0,0,0,0,0,0,4,7,0,0,1,8,3,3,1,0,0,0,0,0,0,1,2,0,1,0,0,0,0,0,0,0,0,0,0,0,0,0,0,3,5,0,0,0,1,1,0,1
2019,University at Buffalo,"Public, 4-year or above",1,0,0,0,0,0,0,0,0,0,0,0,0,0,3,11,0,1,1,2,17,1,6,0,0,0,0,0,0,3,1,0,0,0,0,0,0,0,0,0,0,0,0,0,0,0,0,3,5,0,1,0,2,8,0,4
2019,University of Arizona,"Public, 4-year or above",1,0,0,3,1,0,0,0,0,15,2,0,0,0,37,9,0,0,3,6,47,5,2,0,0,0,0,0,0,2,5,0,8,0,0,0,0,0,0,0,0,0,0,0,0,0,0,22,3,0,0,0,0,21,0,0
2019,University of Arkansas,"Public, 4-year or above",1,0,0,2,1,0,0,0,0,5,8,0,0,0,9,4,0,0,0,0,19,19,0,0,0,0,0,0,0,0,0,0,2,0,0,0,0,0,0,0,0,0,0,0,0,0,0,9,0,0,0,0,0,9,0,0
2019,University of California-Berkeley,"Public, 4-year or above",1,0,0,13,3,0,0,1,4,29,12,0,1,0,21,10,0,0,28,19,69,89,1,0,0,0,3,0,0,19,7,0,22,0,0,0,0,0,0,0,0,0,0,0,0,0,0,17,3,0,0,2,2,15,0,0
2019,University of California-Irvine,"Public, 4-year or above",1,0,0,0,0,0,0,0,0,0,0,0,0,0,17,22,0,1,0,1,16,5,3,0,0,0,0,0,0,0,0,0,0,0,0,0,0,0,0,0,0,0,0,0,0,0,0,13,10,0,1,0,1,11,0,0
2019,University of California-Riverside,"Public, 4-year or above",1,0,0,1,0,0,0,1,0,0,1,0,0,0,9,3,0,1,3,1,30,4,0,0,0,0,0,0,0,0,0,0,1,0,0,0,0,0,0,0,0,0,0,0,0,0,0,8,2,0,1,0,1,7,0,0
2019,University of California-Santa Barbara,"Public, 4-year or above",1,0,0,5,1,0,0,0,4,0,0,0,0,0,18,12,0,0,2,7,17,3,0,0,0,2,0,0,0,0,2,0,0,2,0,0,0,0,0,0,0,0,0,0,0,0,0,13,9,0,0,0,2,10,0,0
2019,University of Central Florida,"Public, 4-year or above",1,0,0,1,0,0,0,0,0,3,6,0,0,0,20,19,0,0,1,9,34,15,2,0,0,0,0,0,0,1,0,0,0,0,0,0,0,0,0,0,0,0,0,0,0,0,0,17,10,0,0,0,1,10,0,0
2019,University of Delaware,"Public, 4-year or above",1,0,0,0,0,0,0,0,0,2,0,0,1,0,5,6,0,1,0,2,8,1,2,0,0,0,0,0,0,0,0,0,0,0,0,0,0,0,0,0,0,0,0,0,0,1,0,5,4,0,1,0,1,4,0,1
2019,University of Idaho,"Public, 4-year or above",1,0,0,1,0,0,0,0,0,1,0,0,0,0,3,0,0,0,0,0,5,1,0,0,0,0,0,0,0,0,0,0,0,0,0,0,0,0,0,0,0,0,0,0,0,0,0,1,0,0,0,0,0,0,0,0
2019,University of Illinois at Urbana-Champaign,"Public, 4-year or above",1,0,0,9,3,0,0,1,2,10,1,0,0,0,19,9,0,2,2,6,16,2,5,0,0,0,1,0,0,0,5,0,1,0,0,0,0,0,0,0,0,0,0,0,0,0,0,13,3,0,0,0,3,6,0,4
2019,University of Iowa,"Public, 4-year or above",1,0,0,18,8,0,0,1,2,1,0,0,0,0,27,22,0,0,2,28,13,3,0,0,0,5,4,0,0,5,15,0,4,0,0,0,0,0,0,0,0,0,0,0,0,0,0,16,7,0,0,0,4,5,0,0
2019,University of Kansas,"Public, 4-year or above",1,0,0,9,2,0,0,0,2,2,0,0,0,0,12,8,0,0,2,25,11,6,1,0,0,0,0,0,0,0,1,0,0,0,0,0,0,0,0,0,0,0,0,0,0,0,0,11,1,0,0,0,2,5,0,1
2019,University of Kentucky,"Public, 4-year or above",1,0,0,0,1,0,0,0,0,0,0,0,0,0,24,26,0,0,2,3,20,13,5,0,0,0,0,0,0,0,1,0,1,0,0,0,0,0,0,0,0,0,0,0,0,0,0,18,8,0,0,0,0,3,0,0
2019,University of Louisiana at Lafayette,"Public, 4-year or above",1,0,0,0,0,0,0,0,0,0,0,0,0,0,2,1,0,0,1,1,11,1,0,0,0,0,0,0,0,0,0,0,0,0,0,0,0,0,0,0,0,0,0,0,0,0,0,2,1,0,0,0,0,2,0,0
2019,University of Michigan-Ann Arbor,"Public, 4-year or above",1,0,0,4,9,0,0,0,2,3,0,0,0,0,19,25,0,0,1,9,6,7,4,0,0,1,1,0,0,1,4,0,0,0,0,0,0,0,0,0,0,0,0,0,0,0,0,14,8,0,0,0,2,1,0,2
2019,University of Mississippi,"Public, 4-year or above",1,0,0,0,0,0,0,0,0,0,0,0,0,0,3,0,0,0,2,2,29,1,0,0,0,0,0,0,0,0,0,0,0,0,0,0,0,0,0,0,0,0,0,0,0,0,0,1,0,0,0,0,1,1,0,0
2019,University of Missouri-Columbia,"Public, 4-year or above",1,0,0,7,2,0,0,1,2,6,1,1,0,0,12,8,0,0,0,2,9,15,1,0,0,0,0,0,0,0,3,0,0,0,0,0,0,0,0,0,0,0,0,0,0,0,0,10,6,0,0,0,0,0,0,1
2019,University of Nebraska-Lincoln,"Public, 4-year or above",1,0,0,2,1,0,0,0,0,3,2,0,0,0,13,1,0,0,0,4,5,6,0,0,0,0,0,0,0,0,1,0,0,0,0,0,0,0,0,0,0,0,0,0,0,0,0,12,0,0,0,0,0,1,0,0
2019,University of Nevada-Reno,"Public, 4-year or above",1,0,0,1,0,0,0,0,0,1,0,0,0,0,6,3,0,0,1,1,8,8,0,0,0,0,0,0,0,2,0,0,0,0,0,0,0,0,0,0,0,0,0,0,0,0,0,5,2,0,0,0,1,2,1,0
2019,University of New Mexico-Main Campus,"Public, 4-year or above",1,0,0,0,0,0,0,0,0,0,0,0,0,0,23,14,0,0,2,17,50,76,1,1,0,0,1,0,0,0,0,0,0,0,0,0,0,0,0,0,0,0,0,0,0,0,0,17,2,0,0,0,2,15,0,1
2019,University of Pittsburgh-Pittsburgh Campus,"Public, 4-year or above",1,0,0,1,2,0,0,0,0,2,1,0,0,0,11,3,0,0,1,2,14,1,0,0,0,1,0,0,0,7,3,0,1,0,0,0,0,0,0,0,0,0,0,0,0,0,0,7,2,0,0,0,2,10,0,0
2019,University of South Carolina-Columbia,"Public, 4-year or above",1,0,0,0,0,0,0,0,0,0,0,0,0,0,5,11,0,0,1,0,14,15,0,0,0,0,1,0,0,1,2,0,1,0,0,0,0,0,0,0,0,0,0,0,0,0,0,2,1,0,0,0,0,6,0,0
2019,University of Southern California,"Private nonprofit, 4-year or above",2,0,0,8,5,0,0,1,1,26,1,0,0,0,34,33,0,0,11,13,35,34,5,0,0,0,3,0,0,12,5,0,1,0,0,0,11,10,0,0,16,7,9,4,0,0,0,9,2,0,0,1,4,19,5,1
2019,University of Vermont,"Public, 4-year or above",1,0,0,2,0,0,0,0,0,3,0,0,0,0,16,6,0,0,0,2,15,2,0,0,0,0,0,0,0,0,0,0,0,0,0,0,0,0,0,0,0,0,0,0,0,0,0,13,5,0,0,0,0,5,0,0
2019,University of Virginia-Main Campus,"Public, 4-year or above",1,0,0,4,3,0,0,0,0,5,0,0,0,0,13,5,0,0,0,7,9,7,0,0,0,0,0,0,0,2,0,0,0,0,0,0,0,0,0,0,0,0,0,0,0,0,0,9,2,0,0,0,0,3,0,0
2019,University of Wisconsin-Madison,"Public, 4-year or above",1,0,0,0,2,0,0,2,13,7,7,0,0,0,11,9,0,0,4,6,67,2,0,0,0,1,0,0,0,3,2,0,0,0,0,0,0,0,0,0,0,0,0,0,0,0,0,8,2,0,0,1,2,10,0,0
2019,Washington State University,"Public, 4-year or above",1,0,0,8,0,0,0,0,1,3,0,0,0,0,12,1,0,0,0,0,13,3,0,0,0,0,0,0,0,0,0,0,1,0,0,0,0,0,0,0,0,0,0,0,0,0,0,12,1,0,0,0,0,6,0,0
2019,West Virginia University,"Public, 4-year or above",1,0,0,0,0,0,0,0,0,4,0,0,0,0,13,7,0,0,1,3,14,2,0,0,0,0,0,0,0,0,4,0,1,1,0,0,0,0,0,0,0,0,0,0,0,0,0,10,5,0,0,0,2,4,0,0
