unit_id,institution_name,year,state_abbreviation,fips_state_code,sector_of_institution,level_of_institution,control_of_institution,degree_granting_status,postsecondary_and_title_iv_institution_indicator,institutional_category,institution_size_category,longitude,latitude,x91
106458,Arkansas State University-Main Campus,2019,AR,5,1,4-year,Public,1,1,"Degree-granting, primarily baccalaureate or above",4,-90.679988,35.842388,NA
106458,Arkansas State University-Main Campus,2018,AR,5,1,4-year,Public,1,1,"Degree-granting, primarily baccalaureate or above",4,-90.679988,35.842388,NA
106458,Arkansas State University-Main Campus,2017,AR,5,1,4-year,Public,1,1,"Degree-granting, primarily baccalaureate or above",4,-90.679988,35.842388,NA
106458,Arkansas State University-Main Campus,2016,AR,5,1,4-year,Public,1,1,"Degree-granting, primarily baccalaureate or above",4,-90.679988,35.842388,NA
106458,Arkansas State University-Main Campus,2015,AR,5,1,4-year,Public,1,1,"Degree-granting, primarily baccalaureate or above",4,-90.680478,35.842779,NA
106458,Arkansas State University-Main Campus,2014,AR,5,1,4-year,Public,1,1,"Degree-granting, primarily baccalaureate or above",4,-90.680478,35.842779,NA
106458,Arkansas State University-Main Campus,2013,AR,5,1,4-year,Public,1,1,"Degree-granting, primarily baccalaureate or above",4,-90.680478,35.842779,NA
150136,Ball State University,2019,IN,18,1,4-year,Public,1,1,"Degree-granting, primarily baccalaureate or above",5,-85.409043,40.203431,NA
150136,Ball State University,2018,IN,18,1,4-year,Public,1,1,"Degree-granting, primarily baccalaureate or above",5,-85.409043,40.203431,NA
150136,Ball State University,2017,IN,18,1,4-year,Public,1,1,"Degree-granting, primarily baccalaureate or above",5,-85.409043,40.203431,NA
150136,Ball State University,2016,IN,18,1,4-year,Public,1,1,"Degree-granting, primarily baccalaureate or above",5,-85.409043,40.203431,NA
150136,Ball State University,2015,IN,18,1,4-year,Public,1,1,"Degree-granting, primarily baccalaureate or above",5,-85.408863,40.198942,NA
150136,Ball State University,2014,IN,18,1,4-year,Public,1,1,"Degree-granting, primarily baccalaureate or above",5,-85.408863,40.198942,NA
150136,Ball State University,2013,IN,18,1,4-year,Public,1,1,"Degree-granting, primarily baccalaureate or above",5,-85.408863,40.198942,NA
110422,California Polytechnic State University-San Luis Obispo,2019,CA,6,1,4-year,Public,1,1,"Degree-granting, primarily baccalaureate or above",5,-120.65731100000001,35.299513,NA
110422,California Polytechnic State University-San Luis Obispo,2018,CA,6,1,4-year,Public,1,1,"Degree-granting, primarily baccalaureate or above",5,-120.65731100000001,35.299513,NA
110422,California Polytechnic State University-San Luis Obispo,2017,CA,6,1,4-year,Public,1,1,"Degree-granting, primarily baccalaureate or above",5,-120.65731100000001,35.299513,NA
110422,California Polytechnic State University-San Luis Obispo,2016,CA,6,1,4-year,Public,1,1,"Degree-granting, primarily baccalaureate or above",5,-120.65731100000001,35.299513,NA
110422,California Polytechnic State University-San Luis Obispo,2015,CA,6,1,4-year,Public,1,1,"Degree-granting, primarily baccalaureate or above",5,-120.65856,35.29889,NA
110422,California Polytechnic State University-San Luis Obispo,2014,CA,6,1,4-year,Public,1,1,"Degree-granting, primarily baccalaureate or above",5,-120.65856,35.29889,NA
110422,California Polytechnic State University-San Luis Obispo,2013,CA,6,1,4-year,Public,1,1,"Degree-granting, primarily baccalaureate or above",4,-120.65856,35.29889,NA
110608,California State University-Northridge,2019,CA,6,1,4-year,Public,1,1,"Degree-granting, primarily baccalaureate or above",5,-118.529319,34.240126,NA
110608,California State University-Northridge,2018,CA,6,1,4-year,Public,1,1,"Degree-granting, primarily baccalaureate or above",5,-118.529319,34.240126,NA
110608,California State University-Northridge,2017,CA,6,1,4-year,Public,1,1,"Degree-granting, primarily baccalaureate or above",5,-118.529319,34.240126,NA
110608,California State University-Northridge,2016,CA,6,1,4-year,Public,1,1,"Degree-granting, primarily baccalaureate or above",5,-118.526817,34.23671,NA
110608,California State University-Northridge,2015,CA,6,1,4-year,Public,1,1,"Degree-granting, primarily baccalaureate or above",5,-118.526817,34.23671,NA
110608,California State University-Northridge,2014,CA,6,1,4-year,Public,1,1,"Degree-granting, primarily baccalaureate or above",5,-118.526817,34.23671,NA
110608,California State University-Northridge,2013,CA,6,1,4-year,Public,1,1,"Degree-granting, primarily baccalaureate or above",5,-118.526817,34.23671,NA
217882,Clemson University,2019,SC,45,1,4-year,Public,1,1,"Degree-granting, primarily baccalaureate or above",5,-82.835114,34.679381,NA
217882,Clemson University,2018,SC,45,1,4-year,Public,1,1,"Degree-granting, primarily baccalaureate or above",5,-82.835114,34.679381,NA
217882,Clemson University,2017,SC,45,1,4-year,Public,1,1,"Degree-granting, primarily baccalaureate or above",5,-82.835114,34.679381,NA
217882,Clemson University,2016,SC,45,1,4-year,Public,1,1,"Degree-granting, primarily baccalaureate or above",5,-82.835114,34.679381,NA
217882,Clemson University,2015,SC,45,1,4-year,Public,1,1,"Degree-granting, primarily baccalaureate or above",5,-82.834463,34.677329,NA
217882,Clemson University,2014,SC,45,1,4-year,Public,1,1,"Degree-granting, primarily baccalaureate or above",5,-82.834463,34.677329,NA
217882,Clemson University,2013,SC,45,1,4-year,Public,1,1,"Degree-granting, primarily baccalaureate or above",5,-82.834463,34.677329,NA
217819,College of Charleston,2019,SC,45,1,4-year,Public,1,1,"Degree-granting, primarily baccalaureate or above",4,-79.939794,32.784225,NA
217819,College of Charleston,2018,SC,45,1,4-year,Public,1,1,"Degree-granting, primarily baccalaureate or above",4,-79.939794,32.784225,NA
217819,College of Charleston,2017,SC,45,1,4-year,Public,1,1,"Degree-granting, primarily baccalaureate or above",4,-79.939794,32.784225,NA
217819,College of Charleston,2016,SC,45,1,4-year,Public,1,1,"Degree-granting, primarily baccalaureate or above",4,-79.937251,32.783142,NA
217819,College of Charleston,2015,SC,45,1,4-year,Public,1,1,"Degree-granting, primarily baccalaureate or above",4,-79.937251,32.783142,NA
217819,College of Charleston,2014,SC,45,1,4-year,Public,1,1,"Degree-granting, primarily baccalaureate or above",4,-79.937251,32.783142,NA
217819,College of Charleston,2013,SC,45,1,4-year,Public,1,1,"Degree-granting, primarily baccalaureate or above",4,-79.937251,32.783142,NA
198464,East Carolina University,2019,NC,37,1,4-year,Public,1,1,"Degree-granting, primarily baccalaureate or above",5,-77.368291,35.607186,NA
198464,East Carolina University,2018,NC,37,1,4-year,Public,1,1,"Degree-granting, primarily baccalaureate or above",5,-77.368291,35.607186,NA
198464,East Carolina University,2017,NC,37,1,4-year,Public,1,1,"Degree-granting, primarily baccalaureate or above",5,-77.368291,35.607186,NA
198464,East Carolina University,2016,NC,37,1,4-year,Public,1,1,"Degree-granting, primarily baccalaureate or above",5,-77.368291,35.607186,NA
198464,East Carolina University,2015,NC,37,1,4-year,Public,1,1,"Degree-granting, primarily baccalaureate or above",5,-77.366199,35.606347,NA
198464,East Carolina University,2014,NC,37,1,4-year,Public,1,1,"Degree-granting, primarily baccalaureate or above",5,-77.366199,35.606347,NA
198464,East Carolina University,2013,NC,37,1,4-year,Public,1,1,"Degree-granting, primarily baccalaureate or above",5,-77.366199,35.606347,NA
139658,Emory University,2019,GA,13,2,4-year,Private not-for-profit,1,1,"Degree-granting, primarily baccalaureate or above",4,-84.325512,33.790183,NA
139658,Emory University,2018,GA,13,2,4-year,Private not-for-profit,1,1,"Degree-granting, primarily baccalaureate or above",4,-84.325512,33.790183,NA
139658,Emory University,2017,GA,13,2,4-year,Private not-for-profit,1,1,"Degree-granting, primarily baccalaureate or above",4,-84.325512,33.790183,NA
139658,Emory University,2016,GA,13,2,4-year,Private not-for-profit,1,1,"Degree-granting, primarily baccalaureate or above",4,-84.325512,33.790183,NA
139658,Emory University,2015,GA,13,2,4-year,Private not-for-profit,1,1,"Degree-granting, primarily baccalaureate or above",4,-84.325782,33.798836,NA
139658,Emory University,2014,GA,13,2,4-year,Private not-for-profit,1,1,"Degree-granting, primarily baccalaureate or above",4,-84.325782,33.798836,NA
139658,Emory University,2013,GA,13,2,4-year,Private not-for-profit,1,1,"Degree-granting, primarily baccalaureate or above",4,-84.325782,33.798836,NA
133669,Florida Atlantic University,2019,FL,12,1,4-year,Public,1,1,"Degree-granting, primarily baccalaureate or above",5,-80.102978,26.372421,NA
133669,Florida Atlantic University,2018,FL,12,1,4-year,Public,1,1,"Degree-granting, primarily baccalaureate or above",5,-80.102978,26.372421,NA
133669,Florida Atlantic University,2017,FL,12,1,4-year,Public,1,1,"Degree-granting, primarily baccalaureate or above",5,-80.102978,26.372421,NA
133669,Florida Atlantic University,2016,FL,12,1,4-year,Public,1,1,"Degree-granting, primarily baccalaureate or above",5,-80.102978,26.372421,NA
133669,Florida Atlantic University,2015,FL,12,1,4-year,Public,1,1,"Degree-granting, primarily baccalaureate or above",5,-80.102293,26.372536,NA
133669,Florida Atlantic University,2014,FL,12,1,4-year,Public,1,1,"Degree-granting, primarily baccalaureate or above",5,-80.102293,26.372536,NA
133669,Florida Atlantic University,2013,FL,12,1,4-year,Public,1,1,"Degree-granting, primarily baccalaureate or above",5,-80.102293,26.372536,NA
133951,Florida International University,2019,FL,12,1,4-year,Public,1,1,"Degree-granting, primarily baccalaureate or above",5,-80.373928,25.75732,NA
133951,Florida International University,2018,FL,12,1,4-year,Public,1,1,"Degree-granting, primarily baccalaureate or above",5,-80.373928,25.75732,NA
133951,Florida International University,2017,FL,12,1,4-year,Public,1,1,"Degree-granting, primarily baccalaureate or above",5,-80.373928,25.75732,NA
133951,Florida International University,2016,FL,12,1,4-year,Public,1,1,"Degree-granting, primarily baccalaureate or above",5,-80.377591,25.757111,NA
133951,Florida International University,2015,FL,12,1,4-year,Public,1,1,"Degree-granting, primarily baccalaureate or above",5,-80.377591,25.757111,NA
133951,Florida International University,2014,FL,12,1,4-year,Public,1,1,"Degree-granting, primarily baccalaureate or above",5,-80.377591,25.757111,NA
133951,Florida International University,2013,FL,12,1,4-year,Public,1,1,"Degree-granting, primarily baccalaureate or above",5,-80.377591,25.757111,NA
134097,Florida State University,2019,FL,12,1,4-year,Public,1,1,"Degree-granting, primarily baccalaureate or above",5,-84.291921,30.440756,NA
134097,Florida State University,2018,FL,12,1,4-year,Public,1,1,"Degree-granting, primarily baccalaureate or above",5,-84.291921,30.440756,NA
134097,Florida State University,2017,FL,12,1,4-year,Public,1,1,"Degree-granting, primarily baccalaureate or above",5,-84.291921,30.440756,NA
134097,Florida State University,2016,FL,12,1,4-year,Public,1,1,"Degree-granting, primarily baccalaureate or above",5,-84.291921,30.440756,NA
134097,Florida State University,2015,FL,12,1,4-year,Public,1,1,"Degree-granting, primarily baccalaureate or above",5,-84.294801,30.4421,NA
134097,Florida State University,2014,FL,12,1,4-year,Public,1,1,"Degree-granting, primarily baccalaureate or above",5,-84.294801,30.4421,NA
134097,Florida State University,2013,FL,12,1,4-year,Public,1,1,"Degree-granting, primarily baccalaureate or above",5,-84.294801,30.4421,NA
151351,Indiana University-Bloomington,2019,IN,18,1,4-year,Public,1,1,"Degree-granting, primarily baccalaureate or above",5,-86.526559,39.16609,NA
151351,Indiana University-Bloomington,2018,IN,18,1,4-year,Public,1,1,"Degree-granting, primarily baccalaureate or above",5,-86.526559,39.16609,NA
151351,Indiana University-Bloomington,2017,IN,18,1,4-year,Public,1,1,"Degree-granting, primarily baccalaureate or above",5,-86.526559,39.16609,NA
151351,Indiana University-Bloomington,2016,IN,18,1,4-year,Public,1,1,"Degree-granting, primarily baccalaureate or above",5,-86.526904,39.166383,NA
151351,Indiana University-Bloomington,2015,IN,18,1,4-year,Public,1,1,"Degree-granting, primarily baccalaureate or above",5,-86.526904,39.166383,NA
151351,Indiana University-Bloomington,2014,IN,18,1,4-year,Public,1,1,"Degree-granting, primarily baccalaureate or above",5,-86.526904,39.166383,NA
151351,Indiana University-Bloomington,2013,IN,18,1,4-year,Public,1,1,"Degree-granting, primarily baccalaureate or above",5,-86.526904,39.166383,NA
159391,Louisiana State University and Agricultural & Mechanical College,2019,LA,22,1,4-year,Public,1,1,"Degree-granting, primarily baccalaureate or above",5,-91.178921,30.414986,NA
159391,Louisiana State University and Agricultural & Mechanical College,2018,LA,22,1,4-year,Public,1,1,"Degree-granting, primarily baccalaureate or above",5,-91.178921,30.414986,NA
159391,Louisiana State University and Agricultural & Mechanical College,2017,LA,22,1,4-year,Public,1,1,"Degree-granting, primarily baccalaureate or above",5,-91.178921,30.414986,NA
159391,Louisiana State University and Agricultural & Mechanical College,2016,LA,22,1,4-year,Public,1,1,"Degree-granting, primarily baccalaureate or above",5,-91.178921,30.414986,NA
159391,Louisiana State University and Agricultural & Mechanical College,2015,LA,22,1,4-year,Public,1,1,"Degree-granting, primarily baccalaureate or above",5,-91.178921,30.414983,NA
159391,Louisiana State University and Agricultural & Mechanical College,2014,LA,22,1,4-year,Public,1,1,"Degree-granting, primarily baccalaureate or above",5,-91.196656,30.552111,NA
159391,Louisiana State University and Agricultural & Mechanical College,2013,LA,22,1,4-year,Public,1,1,"Degree-granting, primarily baccalaureate or above",5,-91.196656,30.552111,NA
237525,Marshall University,2019,WV,54,1,4-year,Public,1,1,"Degree-granting, primarily baccalaureate or above",4,-82.428964,38.422482,NA
237525,Marshall University,2018,WV,54,1,4-year,Public,1,1,"Degree-granting, primarily baccalaureate or above",4,-82.428964,38.422482,NA
237525,Marshall University,2017,WV,54,1,4-year,Public,1,1,"Degree-granting, primarily baccalaureate or above",4,-82.428964,38.422482,NA
237525,Marshall University,2016,WV,54,1,4-year,Public,1,1,"Degree-granting, primarily baccalaureate or above",4,-82.428964,38.422482,NA
237525,Marshall University,2015,WV,54,1,4-year,Public,1,1,"Degree-granting, primarily baccalaureate or above",4,-82.43065,38.42261,NA
237525,Marshall University,2014,WV,54,1,4-year,Public,1,1,"Degree-granting, primarily baccalaureate or above",4,-82.43065,38.42261,NA
237525,Marshall University,2013,WV,54,1,4-year,Public,1,1,"Degree-granting, primarily baccalaureate or above",4,-82.43065,38.42261,NA
204024,Miami University-Oxford,2019,OH,39,1,4-year,Public,1,1,"Degree-granting, primarily baccalaureate or above",4,-84.732954,39.507757,NA
204024,Miami University-Oxford,2018,OH,39,1,4-year,Public,1,1,"Degree-granting, primarily baccalaureate or above",4,-84.732954,39.507757,NA
204024,Miami University-Oxford,2017,OH,39,1,4-year,Public,1,1,"Degree-granting, primarily baccalaureate or above",4,-84.732954,39.507757,NA
204024,Miami University-Oxford,2016,OH,39,1,4-year,Public,1,1,"Degree-granting, primarily baccalaureate or above",4,-84.731821,39.509642,NA
204024,Miami University-Oxford,2015,OH,39,1,4-year,Public,1,1,"Degree-granting, primarily baccalaureate or above",4,-84.731821,39.509642,NA
204024,Miami University-Oxford,2014,OH,39,1,4-year,Public,1,1,"Degree-granting, primarily baccalaureate or above",4,-84.731821,39.509642,NA
204024,Miami University-Oxford,2013,OH,39,1,4-year,Public,1,1,"Degree-granting, primarily baccalaureate or above",4,-84.731821,39.509642,NA
185572,Monmouth University,2019,NJ,34,2,4-year,Private not-for-profit,1,1,"Degree-granting, primarily baccalaureate or above",3,-74.006447,40.280066,NA
185572,Monmouth University,2018,NJ,34,2,4-year,Private not-for-profit,1,1,"Degree-granting, primarily baccalaureate or above",3,-74.006447,40.280066,NA
185572,Monmouth University,2017,NJ,34,2,4-year,Private not-for-profit,1,1,"Degree-granting, primarily baccalaureate or above",3,-74.006447,40.280066,NA
185572,Monmouth University,2016,NJ,34,2,4-year,Private not-for-profit,1,1,"Degree-granting, primarily baccalaureate or above",3,-74.006447,40.280066,NA
185572,Monmouth University,2015,NJ,34,2,4-year,Private not-for-profit,1,1,"Degree-granting, primarily baccalaureate or above",3,-74.006447,40.280066,NA
185572,Monmouth University,2014,NJ,34,2,4-year,Private not-for-profit,1,1,"Degree-granting, primarily baccalaureate or above",3,-74.006447,40.280066,NA
185572,Monmouth University,2013,NJ,34,2,4-year,Private not-for-profit,1,1,"Degree-granting, primarily baccalaureate or above",3,-74.006447,40.280066,NA
157401,Murray State University,2019,KY,21,1,4-year,Public,1,1,"Degree-granting, primarily baccalaureate or above",3,-88.323629,36.612419,NA
157401,Murray State University,2018,KY,21,1,4-year,Public,1,1,"Degree-granting, primarily baccalaureate or above",3,-88.323629,36.612419,NA
157401,Murray State University,2017,KY,21,1,4-year,Public,1,1,"Degree-granting, primarily baccalaureate or above",4,-88.323629,36.612419,NA
157401,Murray State University,2016,KY,21,1,4-year,Public,1,1,"Degree-granting, primarily baccalaureate or above",4,-88.323629,36.612419,NA
157401,Murray State University,2015,KY,21,1,4-year,Public,1,1,"Degree-granting, primarily baccalaureate or above",4,-88.323493,36.61241,NA
157401,Murray State University,2014,KY,21,1,4-year,Public,1,1,"Degree-granting, primarily baccalaureate or above",4,-88.323493,36.61241,NA
157401,Murray State University,2013,KY,21,1,4-year,Public,1,1,"Degree-granting, primarily baccalaureate or above",4,-88.323493,36.61241,NA
199193,North Carolina State University at Raleigh,2019,NC,37,1,4-year,Public,1,1,"Degree-granting, primarily baccalaureate or above",5,-78.674517,35.785111,NA
199193,North Carolina State University at Raleigh,2018,NC,37,1,4-year,Public,1,1,"Degree-granting, primarily baccalaureate or above",5,-78.674517,35.785111,NA
199193,North Carolina State University at Raleigh,2017,NC,37,1,4-year,Public,1,1,"Degree-granting, primarily baccalaureate or above",5,-78.674517,35.785111,NA
199193,North Carolina State University at Raleigh,2016,NC,37,1,4-year,Public,1,1,"Degree-granting, primarily baccalaureate or above",5,-78.674517,35.785111,NA
199193,North Carolina State University at Raleigh,2015,NC,37,1,4-year,Public,1,1,"Degree-granting, primarily baccalaureate or above",5,-78.674517,35.785111,NA
199193,North Carolina State University at Raleigh,2014,NC,37,1,4-year,Public,1,1,"Degree-granting, primarily baccalaureate or above",5,-78.674517,35.785111,NA
199193,North Carolina State University at Raleigh,2013,NC,37,1,4-year,Public,1,1,"Degree-granting, primarily baccalaureate or above",5,-78.674517,35.785111,NA
147767,Northwestern University,2019,IL,17,2,4-year,Private not-for-profit,1,1,"Degree-granting, primarily baccalaureate or above",5,-87.679858,42.050356,NA
147767,Northwestern University,2018,IL,17,2,4-year,Private not-for-profit,1,1,"Degree-granting, primarily baccalaureate or above",5,-87.679858,42.050356,NA
147767,Northwestern University,2017,IL,17,2,4-year,Private not-for-profit,1,1,"Degree-granting, primarily baccalaureate or above",5,-87.679858,42.050356,NA
147767,Northwestern University,2016,IL,17,2,4-year,Private not-for-profit,1,1,"Degree-granting, primarily baccalaureate or above",5,-87.679858,42.050356,NA
147767,Northwestern University,2015,IL,17,2,4-year,Private not-for-profit,1,1,"Degree-granting, primarily baccalaureate or above",5,-87.673653,42.058377,NA
147767,Northwestern University,2014,IL,17,2,4-year,Private not-for-profit,1,1,"Degree-granting, primarily baccalaureate or above",5,-87.673653,42.058377,NA
147767,Northwestern University,2013,IL,17,2,4-year,Private not-for-profit,1,1,"Degree-granting, primarily baccalaureate or above",5,-87.673653,42.058377,NA
204796,Ohio State University-Main Campus,2019,OH,39,1,4-year,Public,1,1,"Degree-granting, primarily baccalaureate or above",5,-83.014853,39.999324,NA
204796,Ohio State University-Main Campus,2018,OH,39,1,4-year,Public,1,1,"Degree-granting, primarily baccalaureate or above",5,-83.014853,39.999324,NA
204796,Ohio State University-Main Campus,2017,OH,39,1,4-year,Public,1,1,"Degree-granting, primarily baccalaureate or above",5,-83.014853,39.999324,NA
204796,Ohio State University-Main Campus,2016,OH,39,1,4-year,Public,1,1,"Degree-granting, primarily baccalaureate or above",5,-83.009001,39.998389,NA
204796,Ohio State University-Main Campus,2015,OH,39,1,4-year,Public,1,1,"Degree-granting, primarily baccalaureate or above",5,-83.009001,39.998389,NA
204796,Ohio State University-Main Campus,2014,OH,39,1,4-year,Public,1,1,"Degree-granting, primarily baccalaureate or above",5,-83.009001,39.998389,NA
204796,Ohio State University-Main Campus,2013,OH,39,1,4-year,Public,1,1,"Degree-granting, primarily baccalaureate or above",5,-83.009001,39.998389,NA
204857,Ohio University-Main Campus,2019,OH,39,1,4-year,Public,1,1,"Degree-granting, primarily baccalaureate or above",5,-82.100985,39.326798,NA
204857,Ohio University-Main Campus,2018,OH,39,1,4-year,Public,1,1,"Degree-granting, primarily baccalaureate or above",5,-82.100985,39.326798,NA
204857,Ohio University-Main Campus,2017,OH,39,1,4-year,Public,1,1,"Degree-granting, primarily baccalaureate or above",5,-82.100985,39.326798,NA
204857,Ohio University-Main Campus,2016,OH,39,1,4-year,Public,1,1,"Degree-granting, primarily baccalaureate or above",5,-82.100985,39.326798,NA
204857,Ohio University-Main Campus,2015,OH,39,1,4-year,Public,1,1,"Degree-granting, primarily baccalaureate or above",5,-82.101064,39.326799,NA
204857,Ohio University-Main Campus,2014,OH,39,1,4-year,Public,1,1,"Degree-granting, primarily baccalaureate or above",5,-82.101064,39.326799,NA
204857,Ohio University-Main Campus,2013,OH,39,1,4-year,Public,1,1,"Degree-granting, primarily baccalaureate or above",5,-82.101064,39.326799,NA
214777,Pennsylvania State University-Main Campus,2019,PA,42,1,4-year,Public,1,1,"Degree-granting, primarily baccalaureate or above",5,-77.862848,40.7965,NA
214777,Pennsylvania State University-Main Campus,2018,PA,42,1,4-year,Public,1,1,"Degree-granting, primarily baccalaureate or above",5,-77.862848,40.7965,NA
214777,Pennsylvania State University-Main Campus,2017,PA,42,1,4-year,Public,1,1,"Degree-granting, primarily baccalaureate or above",5,-77.862848,40.7965,NA
214777,Pennsylvania State University-Main Campus,2016,PA,42,1,4-year,Public,1,1,"Degree-granting, primarily baccalaureate or above",5,-77.861644,40.800731999999996,NA
214777,Pennsylvania State University-Main Campus,2015,PA,42,1,4-year,Public,1,1,"Degree-granting, primarily baccalaureate or above",5,-77.861644,40.800731999999996,NA
214777,Pennsylvania State University-Main Campus,2014,PA,42,1,4-year,Public,1,1,"Degree-granting, primarily baccalaureate or above",5,-77.861644,40.800731999999996,NA
214777,Pennsylvania State University-Main Campus,2013,PA,42,1,4-year,Public,1,1,"Degree-granting, primarily baccalaureate or above",5,-77.861644,40.800731999999996,NA
136950,Rollins College,2019,FL,12,2,4-year,Private not-for-profit,1,1,"Degree-granting, primarily baccalaureate or above",2,-81.349239,28.592787,NA
136950,Rollins College,2018,FL,12,2,4-year,Private not-for-profit,1,1,"Degree-granting, primarily baccalaureate or above",2,-81.349239,28.592787,NA
136950,Rollins College,2017,FL,12,2,4-year,Private not-for-profit,1,1,"Degree-granting, primarily baccalaureate or above",2,-81.349239,28.592787,NA
136950,Rollins College,2016,FL,12,2,4-year,Private not-for-profit,1,1,"Degree-granting, primarily baccalaureate or above",2,-81.348716,28.591992,NA
136950,Rollins College,2015,FL,12,2,4-year,Private not-for-profit,1,1,"Degree-granting, primarily baccalaureate or above",2,-81.348716,28.591992,NA
136950,Rollins College,2014,FL,12,2,4-year,Private not-for-profit,1,1,"Degree-granting, primarily baccalaureate or above",2,-81.348716,28.591992,NA
136950,Rollins College,2013,FL,12,2,4-year,Private not-for-profit,1,1,"Degree-granting, primarily baccalaureate or above",2,-81.348716,28.591992,NA
186380,Rutgers University-New Brunswick,2019,NJ,34,1,4-year,Public,1,1,"Degree-granting, primarily baccalaureate or above",5,-74.446251,40.498769,NA
186380,Rutgers University-New Brunswick,2018,NJ,34,1,4-year,Public,1,1,"Degree-granting, primarily baccalaureate or above",5,-74.446251,40.498769,NA
186380,Rutgers University-New Brunswick,2017,NJ,34,1,4-year,Public,1,1,"Degree-granting, primarily baccalaureate or above",5,-74.446251,40.498769,NA
186380,Rutgers University-New Brunswick,2016,NJ,34,1,4-year,Public,1,1,"Degree-granting, primarily baccalaureate or above",5,-74.446251,40.498769,NA
186380,Rutgers University-New Brunswick,2015,NJ,34,1,4-year,Public,1,1,"Degree-granting, primarily baccalaureate or above",5,-74.45051,40.503796,NA
186380,Rutgers University-New Brunswick,2014,NJ,34,1,4-year,Public,1,1,"Degree-granting, primarily baccalaureate or above",5,-74.45051,40.503796,NA
186380,Rutgers University-New Brunswick,2013,NJ,34,1,4-year,Public,1,1,"Degree-granting, primarily baccalaureate or above",5,-74.45051,40.503796,NA
122409,San Diego State University,2019,CA,6,1,4-year,Public,1,1,"Degree-granting, primarily baccalaureate or above",5,-117.071228,32.77525,NA
122409,San Diego State University,2018,CA,6,1,4-year,Public,1,1,"Degree-granting, primarily baccalaureate or above",5,-117.071228,32.77525,NA
122409,San Diego State University,2017,CA,6,1,4-year,Public,1,1,"Degree-granting, primarily baccalaureate or above",5,-117.071228,32.77525,NA
122409,San Diego State University,2016,CA,6,1,4-year,Public,1,1,"Degree-granting, primarily baccalaureate or above",5,-117.071228,32.77525,NA
122409,San Diego State University,2015,CA,6,1,4-year,Public,1,1,"Degree-granting, primarily baccalaureate or above",5,-117.071228,32.77525,NA
122409,San Diego State University,2014,CA,6,1,4-year,Public,1,1,"Degree-granting, primarily baccalaureate or above",5,-117.071228,32.77525,NA
122409,San Diego State University,2013,CA,6,1,4-year,Public,1,1,"Degree-granting, primarily baccalaureate or above",5,-117.071228,32.77525,NA
196413,Syracuse University,2019,NY,36,2,4-year,Private not-for-profit,1,1,"Degree-granting, primarily baccalaureate or above",5,-76.136975,43.040176,NA
196413,Syracuse University,2018,NY,36,2,4-year,Private not-for-profit,1,1,"Degree-granting, primarily baccalaureate or above",5,-76.136975,43.040176,NA
196413,Syracuse University,2017,NY,36,2,4-year,Private not-for-profit,1,1,"Degree-granting, primarily baccalaureate or above",5,-76.136975,43.040176,NA
196413,Syracuse University,2016,NY,36,2,4-year,Private not-for-profit,1,1,"Degree-granting, primarily baccalaureate or above",5,-76.136975,43.040176,NA
196413,Syracuse University,2015,NY,36,2,4-year,Private not-for-profit,1,1,"Degree-granting, primarily baccalaureate or above",5,-76.136633,43.040005,NA
196413,Syracuse University,2014,NY,36,2,4-year,Private not-for-profit,1,1,"Degree-granting, primarily baccalaureate or above",5,-76.136738,43.040525,NA
196413,Syracuse University,2013,NY,36,2,4-year,Private not-for-profit,1,1,"Degree-granting, primarily baccalaureate or above",5,-76.136738,43.040525,NA
228459,Texas State University,2019,TX,48,1,4-year,Public,1,1,"Degree-granting, primarily baccalaureate or above",5,-97.943029,29.888885,NA
228459,Texas State University,2018,TX,48,1,4-year,Public,1,1,"Degree-granting, primarily baccalaureate or above",5,-97.943029,29.888885,NA
228459,Texas State University,2017,TX,48,1,4-year,Public,1,1,"Degree-granting, primarily baccalaureate or above",5,-97.943029,29.888885,NA
228459,Texas State University,2016,TX,48,1,4-year,Public,1,1,"Degree-granting, primarily baccalaureate or above",5,-97.936392,29.889202,NA
228459,Texas State University,2015,TX,48,1,4-year,Public,1,1,"Degree-granting, primarily baccalaureate or above",5,-97.936392,29.889202,NA
228459,Texas State University,2014,TX,48,1,4-year,Public,1,1,"Degree-granting, primarily baccalaureate or above",5,-97.936392,29.889202,NA
228459,Texas State University,2013,TX,48,1,4-year,Public,1,1,"Degree-granting, primarily baccalaureate or above",5,-97.936392,29.889202,NA
228769,The University of Texas at Arlington,2019,TX,48,1,4-year,Public,1,1,"Degree-granting, primarily baccalaureate or above",5,-97.11296,32.729718,NA
228769,The University of Texas at Arlington,2018,TX,48,1,4-year,Public,1,1,"Degree-granting, primarily baccalaureate or above",5,-97.11296,32.729718,NA
228769,The University of Texas at Arlington,2017,TX,48,1,4-year,Public,1,1,"Degree-granting, primarily baccalaureate or above",5,-97.11296,32.729718,NA
228769,The University of Texas at Arlington,2016,TX,48,1,4-year,Public,1,1,"Degree-granting, primarily baccalaureate or above",5,-97.115087,32.728437,NA
228769,The University of Texas at Arlington,2015,TX,48,1,4-year,Public,1,1,"Degree-granting, primarily baccalaureate or above",5,-97.115087,32.728437,NA
228769,The University of Texas at Arlington,2014,TX,48,1,4-year,Public,1,1,"Degree-granting, primarily baccalaureate or above",5,-97.115087,32.728437,NA
228769,The University of Texas at Arlington,2013,TX,48,1,4-year,Public,1,1,"Degree-granting, primarily baccalaureate or above",5,-97.115087,32.728437,NA
168148,Tufts University,2019,MA,25,2,4-year,Private not-for-profit,1,1,"Degree-granting, primarily baccalaureate or above",4,-71.118293,42.40855,NA
168148,Tufts University,2018,MA,25,2,4-year,Private not-for-profit,1,1,"Degree-granting, primarily baccalaureate or above",4,-71.118293,42.40855,NA
168148,Tufts University,2017,MA,25,2,4-year,Private not-for-profit,1,1,"Degree-granting, primarily baccalaureate or above",4,-71.120316,42.408465,NA
168148,Tufts University,2016,MA,25,2,4-year,Private not-for-profit,1,1,"Degree-granting, primarily baccalaureate or above",4,-71.120316,42.408465,NA
168148,Tufts University,2015,MA,25,2,4-year,Private not-for-profit,1,1,"Degree-granting, primarily baccalaureate or above",4,-71.121689,42.406994,NA
168148,Tufts University,2014,MA,25,2,4-year,Private not-for-profit,1,1,"Degree-granting, primarily baccalaureate or above",4,-71.120641,42.406004,NA
168148,Tufts University,2013,MA,25,2,4-year,Private not-for-profit,1,1,"Degree-granting, primarily baccalaureate or above",4,-71.120641,42.406004,NA
196088,University at Buffalo,2019,NY,36,1,4-year,Public,1,1,"Degree-granting, primarily baccalaureate or above",5,-78.789458,43.000942,NA
196088,University at Buffalo,2018,NY,36,1,4-year,Public,1,1,"Degree-granting, primarily baccalaureate or above",5,-78.789458,43.000942,NA
196088,University at Buffalo,2017,NY,36,1,4-year,Public,1,1,"Degree-granting, primarily baccalaureate or above",5,-78.789458,43.000942,NA
196088,University at Buffalo,2016,NY,36,1,4-year,Public,1,1,"Degree-granting, primarily baccalaureate or above",5,-78.789458,43.000942,NA
196088,University at Buffalo,2015,NY,36,1,4-year,Public,1,1,"Degree-granting, primarily baccalaureate or above",5,-78.790103,43.001433,NA
196088,University at Buffalo,2014,NY,36,1,4-year,Public,1,1,"Degree-granting, primarily baccalaureate or above",5,-78.790103,43.001433,NA
196088,University at Buffalo,2013,NY,36,1,4-year,Public,1,1,"Degree-granting, primarily baccalaureate or above",5,-78.790103,43.001433,NA
110635,University of California-Berkeley,2019,CA,6,1,4-year,Public,1,1,"Degree-granting, primarily baccalaureate or above",5,-122.260463,37.871918,NA
110635,University of California-Berkeley,2018,CA,6,1,4-year,Public,1,1,"Degree-granting, primarily baccalaureate or above",5,-122.260463,37.871918,NA
110635,University of California-Berkeley,2017,CA,6,1,4-year,Public,1,1,"Degree-granting, primarily baccalaureate or above",5,-122.260463,37.871918,NA
110635,University of California-Berkeley,2016,CA,6,1,4-year,Public,1,1,"Degree-granting, primarily baccalaureate or above",5,-122.260463,37.871918,NA
110635,University of California-Berkeley,2015,CA,6,1,4-year,Public,1,1,"Degree-granting, primarily baccalaureate or above",5,-122.260423,37.871969,NA
110635,University of California-Berkeley,2014,CA,6,1,4-year,Public,1,1,"Degree-granting, primarily baccalaureate or above",5,-122.260401,37.871519,NA
110635,University of California-Berkeley,2013,CA,6,1,4-year,Public,1,1,"Degree-granting, primarily baccalaureate or above",5,-122.260401,37.871519,NA
132903,University of Central Florida,2019,FL,12,1,4-year,Public,1,1,"Degree-granting, primarily baccalaureate or above",5,-81.200889,28.602159,NA
132903,University of Central Florida,2018,FL,12,1,4-year,Public,1,1,"Degree-granting, primarily baccalaureate or above",5,-81.200889,28.602159,NA
132903,University of Central Florida,2017,FL,12,1,4-year,Public,1,1,"Degree-granting, primarily baccalaureate or above",5,-81.200889,28.602159,NA
132903,University of Central Florida,2016,FL,12,1,4-year,Public,1,1,"Degree-granting, primarily baccalaureate or above",5,-81.198805,28.60106,NA
132903,University of Central Florida,2015,FL,12,1,4-year,Public,1,1,"Degree-granting, primarily baccalaureate or above",5,-81.198805,28.60106,NA
132903,University of Central Florida,2014,FL,12,1,4-year,Public,1,1,"Degree-granting, primarily baccalaureate or above",5,-81.198805,28.60106,NA
132903,University of Central Florida,2013,FL,12,1,4-year,Public,1,1,"Degree-granting, primarily baccalaureate or above",5,-81.198805,28.60106,NA
142285,University of Idaho,2019,ID,16,1,4-year,Public,1,1,"Degree-granting, primarily baccalaureate or above",4,-117.014167,46.727406,NA
142285,University of Idaho,2018,ID,16,1,4-year,Public,1,1,"Degree-granting, primarily baccalaureate or above",4,-117.014167,46.727406,NA
142285,University of Idaho,2017,ID,16,1,4-year,Public,1,1,"Degree-granting, primarily baccalaureate or above",4,-117.014167,46.727406,NA
142285,University of Idaho,2016,ID,16,1,4-year,Public,1,1,"Degree-granting, primarily baccalaureate or above",4,-117.024296,46.726894,NA
142285,University of Idaho,2015,ID,16,1,4-year,Public,1,1,"Degree-granting, primarily baccalaureate or above",4,-117.024296,46.726894,NA
142285,University of Idaho,2014,ID,16,1,4-year,Public,1,1,"Degree-granting, primarily baccalaureate or above",4,-117.024296,46.726894,NA
142285,University of Idaho,2013,ID,16,1,4-year,Public,1,1,"Degree-granting, primarily baccalaureate or above",4,-117.024296,46.726894,NA
153658,University of Iowa,2019,IA,19,1,4-year,Public,1,1,"Degree-granting, primarily baccalaureate or above",5,-91.536425,41.661935,NA
153658,University of Iowa,2018,IA,19,1,4-year,Public,1,1,"Degree-granting, primarily baccalaureate or above",5,-91.536425,41.661935,NA
153658,University of Iowa,2017,IA,19,1,4-year,Public,1,1,"Degree-granting, primarily baccalaureate or above",5,-91.536425,41.661935,NA
153658,University of Iowa,2016,IA,19,1,4-year,Public,1,1,"Degree-granting, primarily baccalaureate or above",5,-91.536425,41.661935,NA
153658,University of Iowa,2015,IA,19,1,4-year,Public,1,1,"Degree-granting, primarily baccalaureate or above",5,-91.535698,41.660695,NA
153658,University of Iowa,2014,IA,19,1,4-year,Public,1,1,"Degree-granting, primarily baccalaureate or above",5,-91.535698,41.660695,NA
153658,University of Iowa,2013,IA,19,1,4-year,Public,1,1,"Degree-granting, primarily baccalaureate or above",5,-91.535698,41.660695,NA
155317,University of Kansas,2019,KS,20,1,4-year,Public,1,1,"Degree-granting, primarily baccalaureate or above",5,-95.247567,38.958549,NA
155317,University of Kansas,2018,KS,20,1,4-year,Public,1,1,"Degree-granting, primarily baccalaureate or above",5,-95.247567,38.958549,NA
155317,University of Kansas,2017,KS,20,1,4-year,Public,1,1,"Degree-granting, primarily baccalaureate or above",5,-95.247567,38.958549,NA
155317,University of Kansas,2016,KS,20,1,4-year,Public,1,1,"Degree-granting, primarily baccalaureate or above",5,-95.247567,38.958549,NA
155317,University of Kansas,2015,KS,20,1,4-year,Public,1,1,"Degree-granting, primarily baccalaureate or above",5,-95.247618,38.958551,NA
155317,University of Kansas,2014,KS,20,1,4-year,Public,1,1,"Degree-granting, primarily baccalaureate or above",5,-95.24587,38.957351,NA
155317,University of Kansas,2013,KS,20,1,4-year,Public,1,1,"Degree-granting, primarily baccalaureate or above",5,-95.24587,38.957351,NA
170976,University of Michigan-Ann Arbor,2019,MI,26,1,4-year,Public,1,1,"Degree-granting, primarily baccalaureate or above",5,-83.742769,42.275921,NA
170976,University of Michigan-Ann Arbor,2018,MI,26,1,4-year,Public,1,1,"Degree-granting, primarily baccalaureate or above",5,-83.742769,42.275921,NA
170976,University of Michigan-Ann Arbor,2017,MI,26,1,4-year,Public,1,1,"Degree-granting, primarily baccalaureate or above",5,-83.742769,42.275921,NA
170976,University of Michigan-Ann Arbor,2016,MI,26,1,4-year,Public,1,1,"Degree-granting, primarily baccalaureate or above",5,-83.742769,42.275921,NA
170976,University of Michigan-Ann Arbor,2015,MI,26,1,4-year,Public,1,1,"Degree-granting, primarily baccalaureate or above",5,-83.743121,42.276061,NA
170976,University of Michigan-Ann Arbor,2014,MI,26,1,4-year,Public,1,1,"Degree-granting, primarily baccalaureate or above",5,-83.74313,42.276172,NA
170976,University of Michigan-Ann Arbor,2013,MI,26,1,4-year,Public,1,1,"Degree-granting, primarily baccalaureate or above",5,-83.74313,42.276172,NA
178396,University of Missouri-Columbia,2019,MO,29,1,4-year,Public,1,1,"Degree-granting, primarily baccalaureate or above",5,-92.328843,38.94531,NA
178396,University of Missouri-Columbia,2018,MO,29,1,4-year,Public,1,1,"Degree-granting, primarily baccalaureate or above",5,-92.328843,38.94531,NA
178396,University of Missouri-Columbia,2017,MO,29,1,4-year,Public,1,1,"Degree-granting, primarily baccalaureate or above",5,-92.328843,38.94531,NA
178396,University of Missouri-Columbia,2016,MO,29,1,4-year,Public,1,1,"Degree-granting, primarily baccalaureate or above",5,-92.326429,38.941015,NA
178396,University of Missouri-Columbia,2015,MO,29,1,4-year,Public,1,1,"Degree-granting, primarily baccalaureate or above",5,-92.326429,38.941015,NA
178396,University of Missouri-Columbia,2014,MO,29,1,4-year,Public,1,1,"Degree-granting, primarily baccalaureate or above",5,-92.326429,38.941015,NA
178396,University of Missouri-Columbia,2013,MO,29,1,4-year,Public,1,1,"Degree-granting, primarily baccalaureate or above",5,-92.326429,38.941015,NA
187985,University of New Mexico-Main Campus,2019,NM,35,1,4-year,Public,1,1,"Degree-granting, primarily baccalaureate or above",5,-106.620155,35.083868,NA
187985,University of New Mexico-Main Campus,2018,NM,35,1,4-year,Public,1,1,"Degree-granting, primarily baccalaureate or above",5,-106.620155,35.083868,NA
187985,University of New Mexico-Main Campus,2017,NM,35,1,4-year,Public,1,1,"Degree-granting, primarily baccalaureate or above",5,-106.620155,35.083868,NA
187985,University of New Mexico-Main Campus,2016,NM,35,1,4-year,Public,1,1,"Degree-granting, primarily baccalaureate or above",5,-106.620155,35.083868,NA
187985,University of New Mexico-Main Campus,2015,NM,35,1,4-year,Public,1,1,"Degree-granting, primarily baccalaureate or above",5,-106.620155,35.083868,NA
187985,University of New Mexico-Main Campus,2014,NM,35,1,4-year,Public,1,1,"Degree-granting, primarily baccalaureate or above",5,-106.620155,35.083868,NA
187985,University of New Mexico-Main Campus,2013,NM,35,1,4-year,Public,1,1,"Degree-granting, primarily baccalaureate or above",5,-106.620155,35.083868,NA
136172,University of North Florida,2019,FL,12,1,4-year,Public,1,1,"Degree-granting, primarily baccalaureate or above",4,-81.509144,30.27194,NA
136172,University of North Florida,2018,FL,12,1,4-year,Public,1,1,"Degree-granting, primarily baccalaureate or above",4,-81.509144,30.27194,NA
136172,University of North Florida,2017,FL,12,1,4-year,Public,1,1,"Degree-granting, primarily baccalaureate or above",4,-81.509144,30.27194,NA
136172,University of North Florida,2016,FL,12,1,4-year,Public,1,1,"Degree-granting, primarily baccalaureate or above",4,-81.507853,30.270917,NA
136172,University of North Florida,2015,FL,12,1,4-year,Public,1,1,"Degree-granting, primarily baccalaureate or above",4,-81.507853,30.270917,NA
136172,University of North Florida,2014,FL,12,1,4-year,Public,1,1,"Degree-granting, primarily baccalaureate or above",4,-81.507853,30.270917,NA
136172,University of North Florida,2013,FL,12,1,4-year,Public,1,1,"Degree-granting, primarily baccalaureate or above",4,-81.507853,30.270917,NA
215293,University of Pittsburgh-Pittsburgh Campus,2019,PA,42,1,4-year,Public,1,1,"Degree-granting, primarily baccalaureate or above",5,-79.953254,40.444387999999996,NA
215293,University of Pittsburgh-Pittsburgh Campus,2018,PA,42,1,4-year,Public,1,1,"Degree-granting, primarily baccalaureate or above",5,-79.953254,40.444387999999996,NA
215293,University of Pittsburgh-Pittsburgh Campus,2017,PA,42,1,4-year,Public,1,1,"Degree-granting, primarily baccalaureate or above",5,-79.953254,40.444387999999996,NA
215293,University of Pittsburgh-Pittsburgh Campus,2016,PA,42,1,4-year,Public,1,1,"Degree-granting, primarily baccalaureate or above",5,-79.954692,40.444502,NA
215293,University of Pittsburgh-Pittsburgh Campus,2015,PA,42,1,4-year,Public,1,1,"Degree-granting, primarily baccalaureate or above",5,-79.954692,40.444502,NA
215293,University of Pittsburgh-Pittsburgh Campus,2014,PA,42,1,4-year,Public,1,1,"Degree-granting, primarily baccalaureate or above",5,-79.954692,40.444502,NA
215293,University of Pittsburgh-Pittsburgh Campus,2013,PA,42,1,4-year,Public,1,1,"Degree-granting, primarily baccalaureate or above",5,-79.954692,40.444502,NA
231174,University of Vermont,2019,VT,50,1,4-year,Public,1,1,"Degree-granting, primarily baccalaureate or above",4,-73.196646,44.477325,NA
231174,University of Vermont,2018,VT,50,1,4-year,Public,1,1,"Degree-granting, primarily baccalaureate or above",4,-73.196646,44.477325,NA
231174,University of Vermont,2017,VT,50,1,4-year,Public,1,1,"Degree-granting, primarily baccalaureate or above",4,-73.196646,44.477325,NA
231174,University of Vermont,2016,VT,50,1,4-year,Public,1,1,"Degree-granting, primarily baccalaureate or above",4,-73.198128,44.479262,NA
231174,University of Vermont,2015,VT,50,1,4-year,Public,1,1,"Degree-granting, primarily baccalaureate or above",4,-73.198128,44.479262,NA
231174,University of Vermont,2014,VT,50,1,4-year,Public,1,1,"Degree-granting, primarily baccalaureate or above",4,-73.198128,44.479262,NA
231174,University of Vermont,2013,VT,50,1,4-year,Public,1,1,"Degree-granting, primarily baccalaureate or above",4,-73.198128,44.479262,NA
234076,University of Virginia-Main Campus,2019,VA,51,1,4-year,Public,1,1,"Degree-granting, primarily baccalaureate or above",5,-78.503428,38.035665,NA
234076,University of Virginia-Main Campus,2018,VA,51,1,4-year,Public,1,1,"Degree-granting, primarily baccalaureate or above",5,-78.503428,38.035665,NA
234076,University of Virginia-Main Campus,2017,VA,51,1,4-year,Public,1,1,"Degree-granting, primarily baccalaureate or above",5,-78.503428,38.035665,NA
234076,University of Virginia-Main Campus,2016,VA,51,1,4-year,Public,1,1,"Degree-granting, primarily baccalaureate or above",5,-78.503428,38.035665,NA
234076,University of Virginia-Main Campus,2015,VA,51,1,4-year,Public,1,1,"Degree-granting, primarily baccalaureate or above",5,-78.505153,38.037796,NA
234076,University of Virginia-Main Campus,2014,VA,51,1,4-year,Public,1,1,"Degree-granting, primarily baccalaureate or above",5,-78.502599,38.036546,NA
234076,University of Virginia-Main Campus,2013,VA,51,1,4-year,Public,1,1,"Degree-granting, primarily baccalaureate or above",5,-78.502599,38.036546,NA
236939,Washington State University,2019,WA,53,1,4-year,Public,1,1,"Degree-granting, primarily baccalaureate or above",5,-117.158168,46.730448,NA
236939,Washington State University,2018,WA,53,1,4-year,Public,1,1,"Degree-granting, primarily baccalaureate or above",5,-117.158168,46.730448,NA
236939,Washington State University,2017,WA,53,1,4-year,Public,1,1,"Degree-granting, primarily baccalaureate or above",5,-117.158168,46.730448,NA
236939,Washington State University,2016,WA,53,1,4-year,Public,1,1,"Degree-granting, primarily baccalaureate or above",5,-117.158168,46.730448,NA
236939,Washington State University,2015,WA,53,1,4-year,Public,1,1,"Degree-granting, primarily baccalaureate or above",5,-117.158168,46.730448,NA
236939,Washington State University,2014,WA,53,1,4-year,Public,1,1,"Degree-granting, primarily baccalaureate or above",5,-117.158168,46.730448,NA
236939,Washington State University,2013,WA,53,1,4-year,Public,1,1,"Degree-granting, primarily baccalaureate or above",5,-117.158168,46.730448,NA
238032,West Virginia University,2019,WV,54,1,4-year,Public,1,1,"Degree-granting, primarily baccalaureate or above",5,-79.954391,39.634371,NA
238032,West Virginia University,2018,WV,54,1,4-year,Public,1,1,"Degree-granting, primarily baccalaureate or above",5,-79.954391,39.634371,NA
238032,West Virginia University,2017,WV,54,1,4-year,Public,1,1,"Degree-granting, primarily baccalaureate or above",5,-79.954391,39.634371,NA
238032,West Virginia University,2016,WV,54,1,4-year,Public,1,1,"Degree-granting, primarily baccalaureate or above",5,-79.954391,39.634371,NA
238032,West Virginia University,2015,WV,54,1,4-year,Public,1,1,"Degree-granting, primarily baccalaureate or above",5,-79.953926,39.63468,NA
238032,West Virginia University,2014,WV,54,1,4-year,Public,1,1,"Degree-granting, primarily baccalaureate or above",5,-79.953926,39.63468,NA
238032,West Virginia University,2013,WV,54,1,4-year,Public,1,1,"Degree-granting, primarily baccalaureate or above",5,-79.953926,39.63468,NA
