Report Number,Date Reported (Reported on),Date  Occurred (Incident From),Incident Type
18-3520,8/6/18,8/6/18,Disorderly Conduct
18-3517,8/7/18,8/6/18,Supplement
18-3517,8/6/18,8/6/18,Possession of Drugs
18-3515,8/7/18,8/3/18,Supplement
18-3515,8/6/18,8/3/18,Sexual Imposition
18-3514,8/6/18,8/6/18,Criminal Mischief
18-3513,8/6/18,8/6/18,Theft
18-3511,8/6/18,8/5/18,Criminal Damaging
18-3509,8/6/18,8/6/18,Domestic Violence
18-3502,8/5/18,8/5/18,Possession of Drugs
18-3500,8/5/18,8/5/18,Ill Aided
18-3485,8/4/18,8/4/18,Traffic Crash-Property Damage-Hit Skip
18-3484,8/4/18,8/4/18,Assist Other Agency
18-3481,8/4/18,8/4/18,Traffic Crash-Property Damage-Hit Skip
18-3480,8/4/18,8/4/18,Criminal Trespass
18-3479,8/4/18,8/4/18,Assist Other Agency
18-3477,8/4/18,8/4/18,Administrative Information
18-3476,8/4/18,8/4/18,Criminal Trespass
18-3470,8/3/18,8/3/18,Administrative Information
18-3469,8/3/18,8/3/18,Administrative Information
18-3468,8/3/18,8/3/18,Administrative Information
18-3465,8/3/18,7/24/18,Theft
18-3464,8/3/18,8/3/18,Traffic Crash-Property Damage-Hit Skip
18-3462,8/3/18,8/3/18,Assist Other Agency
18-3461,8/3/18,7/31/18,Administrative Information
18-3460,8/3/18,8/3/18,Traffic Crash-Property Damage
18-3459,8/3/18,8/3/18,Possession of Drugs
18-3457,8/3/18,8/3/18,Assist Other Agency
18-3456,8/3/18,8/3/18,Assist Other Agency
18-3455,8/3/18,8/3/18,Missing Person
18-3444,8/2/18,8/2/18,Theft
18-3443,8/2/18,8/2/18,Ill Aided
18-3442,8/2/18,8/2/18,Traffic Crash-Property Damage
18-3441,8/2/18,8/2/18,Assist Other Agency
18-3440,8/2/18,8/2/18,Theft
18-3439,8/1/18,8/1/18,Possession of Drugs
18-3436,8/1/18,8/1/18,Drug Paraphernalia
18-3435,8/1/18,7/26/18,Criminal Simulation
18-3434,8/1/18,8/1/18,Traffic Crash-Property Damage
18-3433,8/1/18,8/1/18,Possession of Drugs
18-3432,8/1/18,8/1/18,Theft
18-3431,8/1/18,7/10/18,Theft
18-3429,8/1/18,7/10/18,Theft (Of Bicycle)
18-3428,8/1/18,8/1/18,Criminal Damaging
18-3427,8/1/18,8/1/18,Theft
18-3425,8/1/18,8/1/18,Disorderly Conduct
18-3423,7/31/18,7/31/18,Disorderly Conduct
18-3422,7/31/18,7/31/18,Possession of Drugs
18-3418,7/31/18,7/31/18,Menacing
18-3417,7/31/18,7/27/18,Theft (Of Bicycle)
18-3416,7/31/18,7/30/18,Traffic Crash-Property Damage-Hit Skip
18-3414,7/31/18,7/20/18,Theft
18-3413,07-31-,7/31/18,Theft
18-3412,7/31/18,7/24/18,Prohibited Acts
18-3411,7/31/18,7/31/18,Theft
18-3408,7/30/18,7/30/18,Traffic Crash-Property Damage
18-3407,7/30/18,7/30/18,Traffic Crash-Property Damage
18-3404,7/30/18,7/30/18,Traffic Crash-Property Damage
18-3402,7/30/18,7/30/18,Theft
18-3401,7/30/18,7/30/18,Theft
18-3397,7/30/18,7/30/18,Possession of Drugs
18-3388,7/29/18,7/29/18,Ill Aided
18-3387,7/29/18,7/29/18,Obstructing Official Business
18-3381,7/28/18,7/28/18,Assist Other Agency
18-3379,7/28/18,7/28/18,Domestic Violence
18-3378,7/28/18,7/28/18,Resisting Arrest
18-3372,7/27/18,7/27/18,Ill Aided
18-3370,7/27/18,7/27/18,Theft
18-3369,7/27/18,1/25/15,Rape
18-3368,7/26/18,7/27/18,Administrative Information
18-3366,7/27/18,7/27/18,Disorderly Conduct
18-3364,7/27/18,7/27/18,Possession of Drugs
18-3363,7/27/18,7/27/18,Assist Other Agency
18-3360,7/26/18,7/24/18,Administrative Information
18-3358,7/26/18,7/26/18,Criminal Trespass
18-3356,7/26/18,7/26/18,Theft
18-3355,7/26/18,7/25/18,Traffic Crash-Property Damage-Hit Skip
18-3353,7/26/18,7/26/18,Possession of Drugs
18-3352,7/26/18,7/26/18,Theft
18-3350,7/26/18,7/26/18,Ill Aided
18-3345,7/25/18,7/25/18,Possession of Drugs
18-3343,7/25/18,7/25/18,Traffic Crash-Property Damage-Hit Skip
18-3340,7/25/18,7/23/18,Criminal Simulation
18-3340,8/3/18,8/3/18,Supplement
18-3339,7/25/18,7/25/18,Traffic Crash-Injury
18-3338,7/25/18,7/25/18,Theft
18-3336,7/25/18,7/25/18,Traffic Crash-Property Damage-Hit Skip
18-3334,7/25/18,7/25/18,Assist Other Agency
18-3329,7/24/18,7/16/18,Burglary
18-3328,7/24/18,7/24/18,Ill Aided
18-3327,7/24/18,7/24/18,Traffic Crash-Property Damage
18-3326,7/24/18,7/24/18,Public Accident
18-3322,7/24/18,7/24/18,Possession of Drugs
18-3321,7/24/18,7/23/18,Theft (From Auto)
18-3319,7/24/18,7/24/18,Traffic Crash-Property Damage
18-3316,7/23/18,7/23/18,Assist Other Agency
18-3315,7/24/18,7/24/18,Ill Aided
18-3314,7/23/18,7/23/18,Ill Aided
18-3313,7/23/18,7/23/18,Open Container
18-3311,7/23/18,7/23/18,Driving Under Suspension
18-3310,7/23/18,7/22/18,Rape
18-3309,7/23/18,6/28/18,Telecommunications Harassment
18-3307,7/23/18,7/23/18,Disorderly Conduct
18-3305,7/23/18,7/23/18,Traffic Crash-Property Damage
18-3303,7/23/18,7/23/18,Criminal Damaging
18-3299,7/22/18,7/22/18,Possessing Drug Abuse Instruments
18-3297,7/22/18,7/22/18,Ill Aided
18-3296,7/22/18,7/22/18,Disorderly Conduct
18-3295,7/22/18,7/22/18,Open Container
18-3294,7/22/18,7/22/18,Possession of Drugs
18-3293,7/22/18,7/22/18,Falsification
18-3292,7/22/18,7/22/18,Criminal Trespass
18-3289,7/21/18,7/21/18,Disorderly Conduct
18-3288,7/21/18,7/19/18,Theft
18-3287,7/21/18,7/21/18,Robbery
18-3286,7/21/18,7/21/18,Open Container
18-3285,7/21/18,7/21/18,Criminal Trespass
18-3284,7/21/18,7/21/18,Offenses involving underage persons
18-3282,07-20-,7/20/18,Criminal Simulation
18-3281,7/20/18,7/20/18,Assist Other Agency
18-3280,7/20/18,7/20/18,Ill Aided
18-3279,7/20/18,6/25/18,Theft
18-3277,7/20/18,7/20/18,Traffic Crash-Property Damage-Hit Skip
18-3276,7/20/18,7/20/18,Traffic Crash-Property Damage
18-3275,7/20/18,7/20/18,Drug Paraphernalia
18-3274,7/20/18,7/20/18,Possessing Drug Abuse Instruments
18-3273,7/20/18,7/20/18,Public Urination
18-3271,7/20/18,7/20/18,Offenses involving underage persons
18-3269,7/19/18,7/19/18,Extortion
18-3268,7/19/18,7/19/18,Theft (From Auto)
18-3267,7/19/18,7/15/18,Theft
18-3266,7/19/18,7/19/18,Administrative Information
18-3265,7/19/18,7/19/18,Criminal Trespass
18-3263,7/19/18,7/19/18,Traffic Crash-Property Damage-Hit Skip
18-3260,7/18/18,7/18/18,Theft
18-3258,7/18/18,7/18/18,Traffic Crash-Property Damage-Hit Skip
18-3256,7/18/18,7/18/18,Disorderly Conduct
18-3254,7/18/18,7/18/18,Ill Aided
18-3252,7/18/18,7/16/18,Criminal Damaging
18-3251,7/18/18,7/18/18,Ill Aided
18-3250,7/18/18,7/18/18,Ill Aided
18-3249,7/18/18,7/18/18,Possession of Drugs
18-3247,7/18/18,7/18/18,Disorderly Conduct
18-3244,7/17/18,7/1/18,Disorderly Conduct
18-3243,7/17/18,7/17/18,Administrative Information
18-3240,7/17/18,7/9/18,Traffic Crash-Property Damage-Hit Skip
18-3238,7/17/18,7/17/18,Traffic Crash-Property Damage
18-3235,7/16/18,7/16/18,Administrative Information
18-3234,7/16/18,7/16/18,Aggravated Arson
18-3233,7/16/18,7/16/18,Disorderly Conduct
18-3228,7/16/18,7/16/18,Ill Aided
18-3227,7/16/18,7/16/18,Public Urination
18-3225,7/16/18,7/15/18,Telecommunications Harassment
18-3224,7/16/18,7/16/18,Drug Paraphernalia
18-3222,7/15/18,7/15/18,Assault
18-3221,7/15/18,7/15/18,Theft
18-3214,7/14/18,7/14/18,Possession of Drugs
18-3213,7/15/18,7/15/18,Ill Aided
18-3211,7/15/18,7/15/18,Public Urination
18-3209,7/14/18,7/14/18,Ill Aided
18-3202,7/14/18,7/14/18,Drug Paraphernalia
18-3201,7/14/18,7/14/18,Assist Other Agency
18-3200,7/14/18,7/14/18,Ill Aided
18-3199,7/14/18,7/14/18,Ill Aided
18-3198,7/14/18,7/14/18,Disorderly Conduct
18-3194,7/14/18,7/14/18,Possession of Drugs
18-3191,7/13/18,7/13/18,Missing Person
18-3190,7/13/18,7/13/18,Criminal Trespass
18-3187,7/13/18,7/13/18,Ill Aided
18-3181,7/13/18,7/13/18,Possession of Drugs
18-3180,7/13/18,7/13/18,Possession of Drugs
18-3177,7/13/18,7/13/18,Administrative Information
18-3168,7/13/18,7/13/18,Drug Paraphernalia
18-3164,7/12/18,7/12/18,Assault
18-3159,7/12/18,7/12/18,Possession of Drugs
18-3157,7/12/18,7/12/18,Disorderly Conduct
18-3156,7/12/18,7/12/18,Extortion
18-3153,7/12/18,7/11/18,Traffic Crash-Property Damage-Hit Skip
18-3152,7/12/18,7/12/18,Ill Aided
18-3149,7/12/18,7/10/18,Theft
18-3146,7/12/18,7/12/18,Administrative Information
18-3145,7/12/18,7/9/18,Criminal Damaging
18-3144,7/12/18,7/11/18,Theft (Of Auto)
18-3140,7/11/18,7/11/18,Ill Aided
18-3136,7/11/18,7/11/18,Ill Aided
18-3132,7/11/18,7/11/18,Drug Paraphernalia
18-3130,7/11/18,7/11/18,Ill Aided
18-3129,7/11/18,7/11/18,Criminal Damaging
18-3128,7/11/18,7/11/18,Domestic Violence
18-3127,7/11/18,7/11/18,Theft
18-3124,7/11/18,7/11/18,Drug Paraphernalia
18-3124,7/12/18,7/12/18,Supplement
18-3123,7/12/18,7/12/18,Supplement
18-3123,7/11/18,7/10/18,Telecommunications Harassment
18-3120,7/11/18,7/11/18,Disorderly Conduct
18-3116,7/10/18,7/10/18,Assist Other Agency
18-3115,7/10/18,7/10/18,Possessing Drug Abuse Instruments
18-3114,7/10/18,7/10/18,Theft
18-3113,7/10/18,7/10/18,Traffic Crash-Property Damage
18-3112,7/10/18,7/10/18,Assist Other Agency
18-3105,7/9/18,7/9/18,Disorderly Conduct
18-3101,7/9/18,7/9/18,Theft (Of Bicycle)
18-3099,7/9/18,7/9/18,Ill Aided
18-3098,7/9/18,7/9/18,Fire-Trash
18-3097,7/9/18,7/1/18,Theft (From Auto)
18-3085,7/8/18,7/8/18,Theft
18-3083,7/8/18,7/8/18,Possession of Drugs
18-3082,7/8/18,7/3/18,Criminal Trespass
18-3079,7/7/18,7/7/18,Traffic Crash-Property Damage
18-3076,7/7/18,7/7/18,Traffic Crash-Injury
18-3074,7/7/18,7/7/18,Offenses involving underage persons
18-3073,7/7/18,7/7/18,Possession of Drugs
18-3072,7/7/18,7/7/18,Ill Aided
18-3070,7/7/18,7/7/18,Traffic Crash-Property Damage
18-3067,7/7/18,5/2/18,Theft
18-3065,7/6/18,7/6/18,Drug Paraphernalia
18-3056,7/6/18,7/6/18,Possession of Drugs
18-3053,7/6/18,7/6/18,Ill Aided
18-3051,7/6/18,7/6/18,Ill Aided
18-3049,7/6/18,7/6/18,Disorderly Conduct
18-3044,7/5/18,7/5/18,Carrying Concealed Weapon
18-3040,7/5/18,7/5/18,Aggravated Menacing
18-3038,7/5/18,7/5/18,Theft
18-3037,07-05-,7/5/18,Possession of Drugs
18-3034,7/5/18,7/2/18,Theft
18-3033,7/5/18,7/5/18,Administrative Information
18-3032,7/5/18,7/5/18,Traffic Crash-Property Damage-Hit Skip
18-3030,7/5/18,7/5/18,Administrative Information
18-3029,7/5/18,7/5/18,Ill Aided
18-3022,7/5/18,7/5/18,Disorderly Conduct
18-3015,7/4/18,7/4/18,Administrative Information
18-3011,7/4/18,7/4/18,Possession of Drugs
18-3010,7/4/18,7/4/18,Administrative Information
18-3009,7/4/18,7/4/18,Traffic Crash-Property Damage
18-3005,7/4/18,7/4/18,Traffic Crash-Property Damage
18-2994,7/3/18,7/3/18,Theft (From Auto)
18-2994,7/10/18,7/10/18,Supplement
18-2981,7/3/18,7/3/18,Possession of Drugs
18-2980,7/2/18,7/2/18,Deception to Obtain Dangerous Drug
18-2976,7/2/18,7/1/18,Theft (Of Bicycle)
18-2973,7/2/18,6/29/18,Traffic Crash-Property Damage
18-2972,7/2/18,6/25/18,Theft
18-2971,7/2/18,7/1/18,Theft (Of Auto)
18-2968,7/2/18,7/2/18,Administrative Information
18-2966,7/2/18,7/1/18,Traffic Crash-Property Damage
18-2963,7/1/18,6/29/18,Theft (Of Bicycle)
18-2962,7/1/18,7/1/18,Theft
18-2962,7/1/18,7/1/18,Supplement
18-2960,7/1/18,7/1/18,Offenses involving underage persons
18-2958,7/1/18,7/1/18,Offenses involving underage persons
18-2957,7/1/18,7/1/18,OVI
18-2954,6/30/18,6/30/18,Assault
18-2951,6/30/18,6/30/18,Ill Aided
18-2950,6/30/18,6/30/18,Driving Under Suspension
18-2949,6/30/18,6/30/18,Assist Other Agency
18-2947,6/30/18,6/30/18,Assist Other Agency
18-2939,6/29/18,6/29/18,Possession of Drugs
18-2937,6/29/18,6/29/18,Driving Under Suspension
18-2935,6/29/18,6/29/18,Disorderly Conduct
18-2933,6/29/18,6/29/18,Administrative Information
18-2932,6/29/18,6/29/18,Driving Under Suspension
18-2930,6/29/18,6/29/18,Criminal Trespass
18-2928,6/29/18,6/26/18,Theft
18-2927,6/29/18,6/22/18,Administrative Information
18-2926,6/29/18,6/29/18,Ill Aided
18-2923,6/29/18,6/29/18,Possession of Drugs
18-2920,6/28/18,6/28/18,Criminal Damaging
18-2917,6/28/18,6/28/18,Missing Person
18-2917,6/28/18,6/28/18,Supplement
18-2914,6/28/18,6/28/18,Traffic Crash-Property Damage
18-2912,6/28/18,6/28/18,Assist Other Agency
18-2911,6/28/18,6/28/18,Ill Aided
18-2910,6/28/18,6/28/18,Theft
18-2908,6/27/18,6/27/18,Criminal Trespass
18-2903,6/27/18,6/27/18,Domestic Violence
18-2903,6/28/18,6/27/18,Supplement
18-2901,6/27/18,6/27/18,Possessing Drug Abuse Instruments
18-2898,6/27/18,6/27/18,Disorderly Conduct
18-2897,6/27/18,6/27/18,Ill Aided
18-2895,6/27/18,6/27/18,Domestic Violence
18-2891,6/26/18,6/26/18,Theft
18-2891,6/30/18,6/30/18,Ill Aided
18-2890,6/26/18,6/26/18,Traffic Crash-Property Damage-Hit Skip
18-2889,6/26/18,6/26/18,Traffic Crash-Property Damage-Hit Skip
18-2888,6/26/18,6/26/18,Theft
18-2883,6/26/18,6/26/18,Aggravated Menacing
18-2878,6/25/18,6/21/18,Domestic Violence
18-2878,7/12/18,7/12/18,Supplement
18-2875,6/25/18,6/25/18,Theft (From Auto)
18-2866,06-25-,6/25/18,Drug Paraphernalia
18-2865,6/25/18,6/25/18,Administrative Information
18-2864,6/25/18,6/24/18,Administrative Information
18-2854,6/28/18,6/28/18,Supplement
18-2854,6/24/18,6/22/18,Theft
18-2853,6/28/18,6/28/18,Supplement
18-2853,6/24/18,6/24/18,Property Impound
18-2849,6/28/18,6/28/18,Supplement
18-2849,6/25/18,6/25/18,Supplement
18-2849,6/24/18,6/22/18,Theft
18-2849,7/16/18,7/16/18,Supplement
18-2842,6/23/18,6/23/18,Assault
18-2840,6/23/18,6/23/18,Ill Aided
18-2838,6/23/18,6/23/18,Driving Under Suspension
18-2837,6/23/18,6/23/18,Possession of Drugs
18-2836,6/23/18,6/23/18,Assist Other Agency
18-2835,6/23/18,6/23/18,Felonious Assault
18-2834,6/23/18,6/23/18,Kidnapping
18-2834,6/29/18,6/29/18,Supplement
18-2830,6/22/18,6/22/18,Assist Other Agency
18-2826,6/22/18,6/22/18,Drug Paraphernalia
18-2825,6/22/18,6/22/18,Assist Other Agency
18-2824,6/22/18,7/15/16,Theft
18-2822,6/22/18,6/22/18,OVI
18-2821,6/22/18,6/22/18,Possession of Drugs
18-2820,6/21/18,3/2/18,Administrative Information
18-2819,6/21/18,6/21/18,Administrative Information
18-2812,6/21/18,6/21/18,Traffic Crash-Property Damage-Hit Skip
18-2810,6/21/18,6/21/18,Possession of Drugs
18-2806,6/20/18,6/20/18,Ill Aided
18-2805,6/20/18,6/12/18,Administrative Information
18-2803,6/20/18,6/19/18,Theft
18-2799,6/20/18,6/20/18,Assist Other Agency
18-2798,6/19/18,6/19/18,Fire
18-2798,6/20/18,6/19/18,Supplement
18-2796,6/19/18,6/19/18,Traffic Crash-Property Damage-Hit Skip
18-2791,6/19/18,6/19/18,Possession of Drugs
18-2790,6/19/18,6/19/18,Traffic Crash-Property Damage
18-2789,6/19/18,6/19/18,Possession of Drugs
18-2780,6/18/18,6/18/18,Domestic Violence
18-2780,7/30/18,6/18/18,Supplement
18-2776,6/18/18,6/18/18,Violation of Protection Order
18-2774,6/18/18,6/18/18,Theft
18-2773,6/18/18,6/18/18,Theft
18-2772,6/18/18,4/30/18,Theft
18-2763,6/17/18,6/17/18,Assault
18-2761,6/16/18,6/16/18,Ill Aided
18-2760,6/16/18,6/16/18,Drug Paraphernalia
18-2756,6/16/18,6/16/18,Theft
18-2753,6/16/18,4/29/18,Theft
18-2750,6/16/18,6/16/18,Disorderly Conduct
18-2749,6/16/18,6/16/18,Ill Aided
18-2748,6/16/18,6/16/18,Public Urination
18-2746,6/16/18,6/16/18,Drug Paraphernalia
18-2745,6/16/18,6/16/18,Ill Aided
18-2742,6/15/18,6/14/18,Theft
18-2741,6/15/18,6/14/18,Theft
18-2740,6/15/18,6/15/18,Administrative Information
18-2739,6/15/18,6/15/18,Prohibited Acts
18-2733,6/14/18,5/31/18,Theft
18-2732,6/14/18,6/14/18,Traffic Crash-Property Damage
18-2730,6/14/18,6/14/18,Traffic Crash-Property Damage-Hit Skip
18-2729,6/14/18,6/14/18,Public Accident
18-2728,6/14/18,6/14/18,Ill Aided
18-2725,6/14/18,6/13/18,Theft
18-2725,6/20/18,6/20/18,Supplement
18-2723,6/14/18,6/13/18,Traffic Crash-Property Damage-Hit Skip
18-2721,6/13/18,6/13/18,Drug Paraphernalia
18-2720,6/13/18,6/13/18,Traffic Crash-Property Damage-Hit Skip
18-2718,6/13/18,6/13/18,Assist Other Agency
18-2716,6/13/18,6/13/18,Administrative Information
18-2716,6/15/18,6/15/18,Supplement
18-2716,7/5/18,7/5/18,Supplement
18-2714,6/13/18,6/13/18,Possession of Drugs
18-2713,6/13/18,6/13/18,Theft (Of Bicycle)
18-2712,6/13/18,6/12/18,Theft
18-2707,6/12/18,6/12/18,Ill Aided
18-2702,6/12/18,6/12/18,Missing Person
18-2702,7/5/18,7/5/18,Supplement
18-2701,6/12/18,6/12/18,Traffic Crash-Property Damage-Hit Skip
18-2699,6/12/18,6/12/18,Traffic Crash-Property Damage
18-2698,6/12/18,6/11/18,Theft (From Auto)
18-2696,6/12/18,6/12/18,Possession of Drugs
18-2689,6/11/18,6/11/18,Ill Aided
18-2688,6/11/18,6/11/18,Assist Other Agency
18-2682,6/10/18,6/10/18,Possessing Drug Abuse Instruments
18-2679,6/10/18,6/10/18,Missing Person
18-2678,6/10/18,6/10/18,Domestic Violence
18-2677,6/10/18,6/10/18,Theft
18-2677,7/2/18,6/15/18,Supplement
18-2675,6/10/18,6/10/18,OVI
18-2665,6/9/18,6/9/18,Criminal Mischief
18-2664,6/9/18,6/9/18,Ill Aided
18-2653,6/8/18,6/8/18,Traffic Crash-Property Damage-Hit Skip
18-2652,6/8/18,6/8/18,Administrative Information
18-2651,6/8/18,6/8/18,Unlawful Restranit
18-2649,6/8/18,6/5/18,Traffic Crash-Property Damage-Hit Skip
18-2648,6/8/18,6/7/18,Theft
18-2642,6/8/18,6/8/18,Possessing Drug Abuse Instruments
18-2636,6/8/18,6/8/18,Traffic Crash-Property Damage
18-2614,6/7/18,6/7/18,Theft (Of Bicycle)
18-2613,6/7/18,6/2/18,Theft
18-2611,6/7/18,6/7/18,Possessing Criminal Tools
18-2606,6/7/18,6/6/18,Theft
18-2591,6/6/18,6/6/18,Possessing Drug Abuse Instruments
18-2591,6/7/18,6/7/18,Supplement
18-2582,6/6/18,6/6/18,Aggravated Menacing
18-2580,6/6/18,6/6/18,Traffic Crash-Property Damage-Hit Skip
18-2578,6/6/18,6/6/18,Traffic Crash-Property Damage
18-2577,6/6/18,6/3/18,Theft (Of Bicycle)
18-2576,6/6/18,6/6/18,Vehicle Impound
18-2575,6/6/18,6/3/18,Traffic Crash-Property Damage-Hit Skip
18-2569,6/6/18,6/6/18,Criminal Trespass
18-2568,6/6/18,6/6/18,Assist Other Agency
18-2567,6/5/18,6/5/18,Disorderly Conduct
18-2561,6/5/18,6/5/18,Menacing
18-2561,6/10/18,6/5/18,Supplement
18-2560,6/5/18,6/5/18,Traffic Crash-Property Damage
18-2559,6/5/18,6/5/18,Theft
18-2559,6/19/18,6/19/18,Supplement
18-2550,6/4/18,6/4/18,Possession of Drugs
18-2547,6/4/18,6/4/18,Theft
18-2544,6/4/18,3/25/18,Menacing
18-2544,6/5/18,6/5/18,Supplement
18-2543,6/5/18,5/29/18,Supplement
18-2543,6/4/18,5/29/18,Unauthorized Use of a Vehicle
18-2543,7/24/18,7/24/18,Supplement
18-2540,6/4/18,6/4/18,Criminal Damaging
18-2539,6/4/18,6/4/18,Drug Paraphernalia
18-2536,6/4/18,6/4/18,Disorderly Conduct
18-2531,6/4/18,6/4/18,Possession of Drugs
18-2527,6/3/18,6/3/18,Theft (Of Bicycle)
18-2525,6/3/18,6/3/18,Disorderly Conduct
18-2523,6/3/18,6/3/18,Assist Other Agency
18-2520,6/3/18,6/3/18,Carrying Concealed Weapon
18-2519,6/2/18,6/2/18,Theft (Of Bicycle)
18-2516,6/2/18,6/2/18,Domestic Violence
18-2516,6/2/18,6/2/18,Supplement
18-2515,6/2/18,5/31/18,Theft
18-2514,6/2/18,6/2/18,Possessing Drug Abuse Instruments
18-2512,6/2/18,6/1/18,Theft
18-2511,6/2/18,6/1/18,Traffic Crash-Property Damage-Hit Skip
18-2507,6/2/18,6/2/18,Possession of Drugs
18-2506,6/2/18,6/2/18,Drug Paraphernalia
18-2503,6/1/18,6/1/18,Possession of Drugs
18-2500,6/1/18,6/1/18,Possessing Drug Abuse Instruments
18-2499,6/1/18,6/1/18,Theft (Of Auto)
18-2498,6/1/18,5/31/18,Criminal Damaging
18-2497,6/1/18,6/1/18,Theft (From Auto)
18-2496,6/1/18,6/1/18,Traffic Crash-Property Damage
18-2494,6/1/18,6/1/18,Ill Aided
18-2493,6/1/18,6/1/18,Assist Other Agency
18-2492,6/1/18,6/1/18,Administrative Information
18-2490,6/1/18,6/1/18,Ill Aided
18-2477,6/1/18,6/1/18,Possession of Drugs
18-2474,5/31/18,5/31/18,Identity Fraud
18-2473,5/31/18,5/25/18,Traffic Crash-Property Damage-Hit Skip
18-2472,5/31/18,5/31/18,Administrative Information
18-2460,5/30/18,5/25/18,Theft
18-2459,5/30/18,5/9/18,Rape
18-2459,7/12/18,7/12/18,Supplement
18-2457,5/31/18,5/31/18,Supplement
18-2457,5/30/18,5/30/18,Domestic Violence
18-2456,5/30/18,5/29/18,Rape
18-2456,7/5/18,7/5/18,Supplement
18-2455,5/30/18,5/30/18,Administrative Information
18-2454,5/30/18,5/30/18,Traffic Crash-Property Damage
18-2453,5/30/18,5/30/18,Traffic Crash-Property Damage
18-2452,5/30/18,5/30/18,Assist Other Agency
18-2451,5/30/18,5/30/18,Traffic Crash-Injury
18-2448,5/30/18,5/30/18,Drug Paraphernalia
18-2447,5/30/18,5/30/18,Assist Other Agency
18-2445,5/29/18,5/29/18,Theft
18-2443,5/29/18,5/29/18,Assist Other Agency
18-2442,5/29/18,5/29/18,Possession of Drugs
18-2441,5/29/18,5/17/18,Theft
18-2440,5/29/18,5/29/18,Public Indecency
18-2439,5/29/18,5/29/18,Ill Aided
18-2436,5/29/18,5/29/18,Possessing Drug Abuse Instruments
18-2435,5/29/18,5/29/18,Assist Other Agency
18-2434,5/29/18,5/29/18,Drug Paraphernalia
18-2432,5/29/18,5/29/18,Disorderly Conduct
18-2428,5/28/18,5/28/18,Possession of Drugs
18-2427,5/28/18,5/28/18,Possession of Drugs
18-2426,5/28/18,5/28/18,Assist Other Agency
18-2422,5/27/18,5/27/18,Theft (Of Bicycle)
18-2421,5/27/18,5/27/18,OVI
18-2420,5/27/18,5/27/18,Traffic Crash-Property Damage-Hit Skip
18-2417,5/27/18,5/27/18,Possession of Drugs
18-2409,5/26/18,5/25/18,Theft
18-2408,5/26/18,5/26/18,Traffic Crash-Property Damage
18-2407,5/25/18,5/25/18,Possessing Drug Abuse Instruments
18-2404,5/25/18,5/25/18,Disorderly Conduct
18-2403,5/25/18,5/25/18,Ill Aided
18-2402,5/25/18,5/25/18,Assist Other Agency
18-2401,5/25/18,5/25/18,Administrative Information
18-2399,5/25/18,5/22/18,Theft
18-2398,5/25/18,5/18/18,Theft
18-2395,5/24/18,5/17/18,Theft
18-2394,5/24/18,5/24/18,Traffic Crash-Property Damage
18-2393,5/24/18,5/24/18,Criminal Trespass
18-2392,5/24/18,5/24/18,Oiminal Damaging
18-2391,5/24/18,5/24/18,Prohibited Acts
18-2390,5/24/18,5/24/18,Ill Aided
18-2389,5/24/18,5/24/18,Disorderly Conduct
18-2388,5/24/18,5/24/18,Possessing Drug Abuse Instruments
18-2388,6/5/18,6/5/18,Supplement
18-2387,5/24/18,5/24/18,Drug Paraphernalia
18-2383,5/23/18,5/23/18,Drug Paraphernalia
18-2380,5/23/18,5/23/18,Assault
18-2379,5/23/18,5/23/18,Possession of Drugs
18-2375,5/23/18,5/23/18,Ill Aided
18-2372,5/22/18,5/22/18,Theft
18-2372,6/1/18,6/1/18,Supplement
18-2370,5/22/18,5/22/18,Possession of Drugs
18-2369,5/22/18,5/22/18,Physical Control
18-2367,5/21/18,5/21/18,Administrative Information
18-2365,5/21/18,5/21/18,Criminal Damaging
18-2361,5/21/18,5/21/18,Traffic Crash-Property Damage-Hit Skip
18-2359,5/21/18,5/18/18,Criminal Damaging
18-2356,5/21/18,5/21/18,Open Container
18-2355,5/21/18,5/21/18,Assist Other Agency
18-2352,5/21/18,5/21/18,Administrative Information
18-2344,5/20/18,5/20/18,Assist Other Agency
18-2342,5/19/18,5/19/18,Theft
18-2341,5/19/18,5/19/18,Traffic Crash-Property Damage
18-2337,5/19/18,5/19/18,Criminal Damaging
18-2334,5/19/18,5/19/18,Possession of Drugs
18-2332,5/18/18,5/18/18,Traffic Crash-Property Damage-Hit Skip
18-2332,5/25/18,5/25/18,Supplement
18-2331,5/18/18,5/18/18,Theft
18-2330,5/18/18,5/18/18,Administrative Information
18-2330,5/20/18,5/20/18,Supplement
18-2329,5/18/18,5/18/18,Administrative Information
18-2327,5/18/18,11/6/17,Theft
18-2326,5/18/18,5/18/18,Criminal Damaging
18-2325,5/18/18,5/15/18,Theft
18-2323,5/18/18,5/15/18,Theft
18-2322,5/18/18,5/18/18,Criminal Damaging
18-2309,5/17/18,5/16/18,Traffic Crash-Property Damage
18-2307,5/17/18,5/17/18,Traffic Crash-Property Damage
18-2306,5/17/18,5/17/18,Disorderly Conduct
18-2303,5/17/18,5/17/18,Possession of Drugs
18-2296,5/16/18,5/16/18,Assault
18-2296,5/19/18,5/19/18,Supplement
18-2296,6/8/18,6/8/18,Supplement
18-2294,5/16/18,5/16/18,Drug Paraphernalia
18-2290,5/16/18,5/15/18,Traffic Crash-Property Damage-Hit Skip
18-2289,5/16/18,5/16/18,Missing Person
18-2289,6/5/18,6/5/18,Supplement
18-2288,5/16/18,5/16/18,Ill Aided
18-2286,5/16/18,5/16/18,Drug Paraphernalia
18-2285,5/16/18,5/16/18,Ill Aided
18-2284,5/16/18,4/30/18,Administrative Information
18-2281,5/16/18,5/15/18,Administrative Information
18-2279,5/16/18,5/16/18,Disorderly Conduct
18-2278,5/16/18,5/15/18,Traffic Crash-Property Damage
18-2277,5/16/18,5/16/18,Possession of Drugs
18-2275,5/15/18,5/15/18,Traffic Crash-Property Damage-Hit Skip
18-2271,5/15/18,5/15/18,Traffic Crash-Property Damage-Hit Skip
18-2269,5/15/18,5/15/18,Theft (Of Bicycle)
18-2268,5/15/18,5/15/18,Assist Other Agency
18-2267,5/15/18,5/15/18,Criminal Damaging
18-2257,5/14/18,5/8/18,Theft
18-2255,5/14/18,5/14/18,Assist Other Agency
18-2252,5/14/18,5/14/18,Ill Aided
18-2251,5/14/18,5/14/18,Traffic Crash-Property Damage
18-2250,5/14/18,5/11/18,Administrative Information
18-2245,5/14/18,5/14/18,Property Impound
18-2242,5/14/18,5/14/18,Drug Paraphernalia
18-2241,5/13/18,5/13/18,Ill Aided
18-2240,5/13/18,5/11/18,Theft
18-2240,5/13/18,5/11/18,Supplement
18-2238,5/13/18,5/13/18,Theft
18-2236,5/13/18,5/13/18,Assist Other Agency
18-2235,5/13/18,5/13/18,Drug Paraphernalia
18-2234,5/13/18,5/13/18,Criminal Trespass
18-2230,5/13/18,5/13/18,Public Defecation
18-2225,5/12/18,5/12/18,Offenses involving underage persons
18-2224,5/12/18,4/27/18,Theft
18-2223,5/12/18,5/12/18,Possession of Drugs
18-2222,5/12/18,5/12/18,Theft (Of Auto)
18-2221,5/11/18,5/11/18,Administrative Information
18-2220,5/12/18,5/12/18,Assist Other Agency
18-2219,5/12/18,5/12/18,Assist Other Agency
18-2216,5/12/18,5/12/18,Assist Other Agency
18-2208,5/11/18,5/11/18,Traffic Crash-Property Damage-Hit Skip
18-2207,5/11/18,5/11/18,Administrative Information
18-2206,5/11/18,5/11/18,I mpersonating a Peace Officer
18-2205,5/11/18,5/11/18,Telecommunications Harassment
18-2204,5/11/18,5/11/18,Disorderly Conduct
18-2203,5/11/18,4/19/18,Theft (Of Bicycle)
18-2200,5/11/18,5/11/18,OVI
18-2195,5/10/18,5/10/18,Ill Aided
18-2193,5/10/18,5/10/18,Disorderly Conduct
18-2190,5/10/18,5/10/18,Ill Aided
18-2189,5/10/18,5/10/18,Traffic Crash-Property Damage
18-2188,5/10/18,5/10/18,Possession of Drugs
18-2187,5/10/18,5/10/18,Ill Aided
18-2184,5/10/18,5/10/18,Drug Paraphernalia
18-2183,5/10/18,5/10/18,Possession of Drugs
18-2176,5/9/18,5/8/18,Theft (Of Bicycle)
18-2176,5/26/18,5/26/18,Supplement
18-2176,5/23/18,5/8/18,Supplement
18-2176,5/23/18,5/23/18,Supplement
18-2170,5/9/18,5/9/18,Possession of Drugs
18-2170,7/2/18,7/2/18,Supplement
18-2169,5/9/18,5/9/18,Administrative Information
18-2168,5/9/18,3/1/18,Theft
18-2164,5/9/18,5/9/18,Minors Curfew
18-2163,5/8/18,5/8/18,Ill Aided
18-2162,5/8/18,5/8/18,Possession of Drugs
18-2159,5/8/18,5/8/18,Administrative Information
18-2158,5/8/18,5/8/18,Administrative Information
18-2157,4/8/18,4/8/18,Administrative Information
18-2155,5/8/18,5/8/18,Administrative Information
18-2154,5/8/18,5/8/18,Traffic Crash-Property Damage
18-2153,5/8/18,5/8/18,Theft (From Auto)
18-2151,5/7/18,5/7/18,Administrative Information
18-2150,5/7/18,5/7/18,Assist Other Agency
18-2148,5/7/18,5/7/18,Disorderly Conduct
18-2145,5/7/18,5/7/18,Traffic Crash-Property Damage
18-2144,5/7/18,5/6/18,Theft (Of Bicycle)
18-2143,5/7/18,5/7/18,Traffic Crash-Property Damage
18-2133,5/6/18,5/6/18,Theft
18-2132,5/6/18,5/6/18,Driving Under Suspension
18-2126,5/6/18,5/6/18,Traffic Crash-Property Damage-Hit Skip
18-2123,5/6/18,5/6/18,Criminal Trespass
18-2122,5/6/18,5/6/18,Minors Curfew
18-2121,5/6/18,5/6/18,Criminal Trespass
18-2117,5/5/18,5/5/18,Possession of Drugs
18-2116,5/5/18,5/5/18,Drug Paraphernalia
18-2113,5/5/18,5/5/18,Ill Aided
18-2111,5/5/18,5/5/18,Driving Under Suspension
18-2109,5/5/18,5/5/18,Possession of Drugs
18-2108,5/5/18,5/5/18,Disorderly Conduct
18-2107,5/5/18,5/5/18,Possession of Drugs
18-2106,5/5/18,5/5/18,Possessing Criminal Tools
18-2105,5/4/18,5/4/18,Death
18-2105,7/12/18,7/12/18,Supplement
18-2101,5/4/18,5/4/18,Assist Other Agency
18-2100,5/4/18,5/4/18,Theft (Of Bicycle)
18-2100,5/10/18,4/25/18,Supplement
18-2099,5/10/18,5/3/18,Supplement
18-2099,5/4/18,5/3/18,Theft (From Auto)
18-2098,5/4/18,5/4/18,Prohibited Acts
18-2095,5/4/18,5/3/18,Theft (From Auto)
18-2094,5/4/18,5/4/18,Possessing Drug Abuse Instruments
18-2092,5/4/18,4/17/18,Theft
18-2091,5/4/18,5/4/18,Possessing Drug Abuse Instruments
18-2088,5/3/18,5/3/18,Assist Other Agency
18-2087,5/3/18,5/3/18,Theft (From Auto)
18-2086,5/3/18,5/3/18,Theft (From Auto)
18-2083,5/3/18,5/3/18,Domestic Violence
18-2082,5/3/18,5/3/18,Disorderly Conduct
18-2079,5/3/18,5/3/18,Disorderly Conduct
18-2078,5/3/18,5/3/18,Disorderly Conduct
18-2076,5/3/18,5/3/18,Disorderly Conduct
18-2075,5/3/18,5/3/18,Assist Other Agency
18-2074,5/3/18,5/3/18,Open Container
18-2073,5/3/18,5/3/18,Theft
18-2072,5/3/18,5/3/18,Ill Aided
18-2071,5/3/18,5/3/18,Possession of Drugs
18-2070,5/3/18,3/29/18,Rape
18-2069,5/3/18,5/3/18,Traffic Crash-Property Damage-Hit Skip
18-2068,5/1/18,5/1/18,Disorderly Conduct
18-2067,5/3/18,5/3/18,Public Accident
18-2066,5/3/18,5/2/18,Theft (From Auto)
18-2066,5/10/18,5/10/18,Supplement
18- 2063,5/11/18,5/11/18,Supplement
18-2063,5/3/18,5/1/17,Rape
18-2058,5/2/18,4/30/18,Theft
18-2056,5/2/18,5/2/18,Theft (Of Bicycle)
18-2054,5/2/18,5/2/18,Assist Other Agency
18-2053,5/2/18,5/2/18,Theft
18-2052,5/2/18,4/23/18,Theft (Of Bicycle)
18-2050,5/2/18,5/2/18,Prohibited Acts
18- 2048,5/2/18,5/2/18,Drug Paraphernalia
18-2047,5/1/18,4/14/17,Rape
18-2047,5/2/18,4/14/17,Rape
18-2046,5/2/18,5/2/18,Assault
18-2043,5/2/18,5/2/18,Possession of Drugs
18-2040,5/2/18,5/2/18,Disorderly Conduct
18-2038,5/1/18,5/1/18,Ill Aided
18-2034,5/1/18,5/1/18,Drug Paraphernalia
18-2033,5/1/18,5/1/18,Disorderly Conduct
18-2032,5/1/18,4/21/18,Prohibited Acts
18-2031,5/1/18,5/1/18,Traffic Crash-Property Damage
18-2029,5/1/18,5/1/18,Administrative Information
18-2028,5/1/18,4/26/18,Theft (From Auto)
18-2026,5/1/18,4/24/18,Theft
18-2025,5/1/18,4/30/18,Theft
18-2023,5/1/18,5/1/18,Administrative Information
18-2023,5/2/18,5/2/18,Supplement
18-2014,4/30/18,4/30/18,Prohibited Acts
18-2013,4/30/18,4/30/18,Possession of Drugs
18-2013,4/30/18,4/30/18,Supplement
18-2009,4/30/18,4/30/18,Traffic Crash-Property Damage
18-2008,4/30/18,4/30/18,Theft
18-2006,4/30/18,4/30/18,Public Indecency
18-2006,5/21/18,5/21/18,Supplement
18-2005,4/30/18,11/1/14,Rape
18-1972,4/29/18,4/29/18,Theft
18-1969,4/29/18,1/20/18,Theft
18-1967,4/29/18,4/29/18,Assist Other Agency
18-1966,4/29/18,4/29/18,Administrative Information
18-1965,4/29/18,4/29/18,Public Indecency
18-1957,4/28/18,4/28/18,Administrative Information
18-1956,4/28/18,4/28/18,CSA Report: Rape
18-1955,4/28/18,4/28/18,Assault
18-1954,4/28/18,4/28/18,Criminal Trespass
18-1950,4/28/18,4/28/18,Prohibited Acts
18-1940,4/27/18,4/27/18,Administrative Information
18-1937,4/27/18,4/22/18,Theft (Of Bicycle)
18-1936,4/27/18,4/27/18,Ill Aided
18-1935,4/27/18,4/19/18,Theft
18-1933,4/27/18,4/27/18,Public Indecency
18-1932,4/27/18,4/26/18,Theft
18-1929,4/27/18,4/27/18,Disorderly Conduct
18-1928,4/27/18,4/27/18,Offenses involving underage persons
18-1925,4/27/18,4/27/18,Disorderly Conduct
18-1923,4/29/18,4/26/18,Supplement
18-1923,4/26/18,4/26/18,Possessing Drug Abuse Instruments
18-1921,4/26/18,4/26/18,Disorderly Conduct
18-1920,4/26/18,4/26/18,Traffic Crash-Property Damage-Hit Skip
18-1919,4/26/18,4/26/18,Disorderly Conduct
18-1916,4/26/18,4/21/18,Theft
18-1916,4/26/18,4/21/18,Supplement
18-1915,4/29/18,4/26/18,Supplement
18-1915,4/26/18,4/26/18,Possessing Drug Abuse Instruments
18-1908,4/26/18,4/26/18,Disorderly Conduct
18-1902,4/25/18,4/25/18,Ill Aided
18-1892,4/24/18,4/24/18,Administrative Information
18-1891,4/24/18,2/24/14,Administrative Information
18-1890,4/24/18,4/24/18,Administrative Information
18-1889,4/24/18,4/21/18,Theft
18-1889,4/26/18,4/21/18,Supplement
18-1887,4/24/18,4/24/18,Ill Aided
18-1885,4/24/18,4/24/18,Prohibited Acts
18-1884,4/24/18,4/24/18,Administrative Information
18-1883,4/24/18,4/23/18,Theft
18-1883,5/22/18,5/22/18,Supplement
18-1883,5/20/18,5/20/18,Supplement
18-1882,4/24/18,4/24/18,Assist Other Agency
18-1875,4/23/18,4/23/18,Assist Other Agency
18-1874,4/23/18,4/23/18,Assist Other Agency
18-1873,4/23/18,4/23/18,Ill Aided
18-1872,4/23/18,4/23/18,Ill Aided
18-1870,4/23/18,4/23/18,Traffic Crash-Property Damage
18-1867,4/23/18,4/23/18,Ill Aided
18-1866,4/23/18,4/20/18,Theft
18-1866,4/24/18,4/24/18,Supplement
18-1865,4/23/18,4/21/18,Arson
18-1864,4/23/18,4/23/18,Theft
18-1863,4/23/18,4/23/18,Possession of Drugs
18-1862,4/23/18,4/23/18,Possession of Drugs
18-1851,4/22/18,4/22/18,Traffic Crash-Property Damage
18-1847,4/22/18,4/22/18,Possession of Drugs
18-1846,4/22/18,4/22/18,Theft
18-1843,4/22/18,4/22/18,Offenses involving underage persons
18-1835,4/21/18,4/21/18,Prohibited Acts
18-1833,4/21/18,4/21/18,Offenses involving underage persons
18-1833,4/22/18,4/22/18,Supplement
18-1832,4/21/18,4/21/18,Offenses involving underage persons
18-1831,4/21/18,4/20/18,Administrative Information
18-1829,4/21/18,4/16/18,Theft
18-1820,4/21/18,4/21/18,Disorderly Conduct
18-1818,4/21/18,4/21/18,Criminal Trespass
18-1817,4/20/18,4/20/18,Possession of Drugs
18-1815,4/20/18,4/20/18,Menacing
18-1813,4/20/18,4/20/18,Administrative Information
18-1810,4/20/18,4/20/18,Menacing
18-1810,5/3/18,5/3/18,Supplement
18-1808,4/20/18,4/20/18,Administrative Information
18-1808,4/23/18,4/23/18,Supplement
18-1807,4/20/18,4/20/18,Supplement
18-1805,4/20/18,4/20/18,Ill Aided
18-1802,4/20/18,4/20/18,Public Urination
18-1801,4/20/18,4/19/18,Possession of Drugs
18-1801,5/2/18,5/2/18,Supplement
18-1782,4/18/18,4/18/18,Ill Aided
18-1781,4/18/18,4/18/18,Disorderly Conduct
18-1780,4/18/18,2/16/18,Administrative Information
18-1780,4/18/18,2/16/18,Supplement
18-1779,4/18/18,4/17/18,Theft
18-1778,4/18/18,4/8/18,Administrative Information
18-1776,"04-18-
2018
1314",4/17/18,Criminal Damaging
18-1775,4/18/18,4/18/18,Traffic Crash-Property Damage-Hit Skip
18-1774,4/18/18,4/18/18,Traffic Crash-Property Damage-Hit Skip
18-1774,4/19/18,4/19/18,Supplement
18-1772,4/18/18,11/1/17,Rape
18-1771,4/18/18,4/18/18,Administrative Information
18-1768,4/17/18,4/1/18,Theft
18-1767,4/17/18,4/14/18,Disorderly Conduct
18-1767,4/17/18,4/14/18,Supplement
18-1766,4/17/18,4/17/18,Disorderly Conduct
18-1765,4/17/18,4/17/18,Criminal Trespass
18-1765,4/22/18,4/22/18,Supplement
18-1763,4/17/18,4/17/18,Ill Aided
18-1762,4/17/18,4/17/18,Traffic Crash-Property Damage-Hit Skip
18-1761,4/17/18,4/15/18,Theft
18-1760,4/17/18,4/13/18,Theft (Of Auto)
18-1759,4/17/18,4/17/18,Traffic Crash-Property Damage
18-1752,4/16/18,4/16/18,Ill Aided
18-1751,4/16/18,4/14/18,Theft
18-1750,4/16/18,4/16/18,Traffic Crash-Injury
18-1741,4/16/18,4/16/18,Traffic Crash-Property Damage
18-1740,4/16/18,3/16/18,Telecommunications Harassment
18-1739,4/16/18,4/16/18,Telecommunications Fraud
18-1738,4/16/18,4/16/18,Traffic Crash-Property Damage
18-1733,4/15/18,4/15/18,Rape
18-1733,5/25/18,5/25/18,Supplement
18-1732,4/16/18,4/16/18,Supplement
18-1732,4/15/18,4/15/18,Drug Paraphernalia
18-1730,4/15/18,4/15/18,Criminal Trespass
18-1729,4/15/18,4/14/18,Theft (From Auto)
18-1728,4/16/18,4/16/18,Supplement
18-1728,4/15/18,4/15/18,Disorderly Conduct
18-1727,4/15/18,4/15/18,Administrative Information
18-1726,4/15/18,4/14/18,Theft
18-1725,4/15/18,4/15/18,Carrying Concealed Weapon
18-1725,6/10/18,6/10/18,Supplement
18-1724,4/15/18,4/15/18,Traffic Crash-Property Damage
18-1723,4/15/18,4/15/18,Theft
18-1722,4/15/18,4/15/18,Traffic Crash-Property Damage
18-1721,4/15/18,4/15/18,Administrative Information
18-1721,4/18/18,4/18/18,Supplement
18-1720,5/10/18,5/10/18,Supplement
18-1720,4/15/18,4/15/18,Prohibited Acts
18-1719,4/15/18,4/15/18,Assist Other Agency
18-1718,4/15/18,4/15/18,Criminal Mischief
18-1717,4/15/18,4/15/18,Drug Paraphernalia
18-1713,4/14/18,4/14/18,Disorderly Conduct
18-1712,4/14/18,4/14/18,Theft
18-1712,4/19/18,4/19/18,Supplement
18-1712,4/25/18,4/14/18,Supplement
18-1711,4/14/18,4/13/18,Disorderly Conduct
18-1710,4/14/18,4/14/18,Disorderly Conduct
18-1709,4/14/18,4/13/18,Criminal Mischief
18-1709,5/4/18,5/4/18,Supplement
18-1708,4/14/18,4/14/18,Possession of Drugs
18-1707,4/14/18,4/14/18,Assist Other Agency
18-1704,4/14/18,4/14/18,Drug Paraphernalia
18-1703,4/14/18,4/14/18,Traffic Crash-Property Damage
18-1700,4/14/18,4/14/18,Trafficking Drugs
18-1699,4/14/18,4/14/18,Disorderly Conduct
18-1697,4/14/18,4/14/18,Public Urination
18-1696,4/14/18,4/14/18,Offenses involving underage persons
18-1695,5/31/18,4/14/18,Prohibited Acts
18-1692,4/14/18,4/13/18,Possession of Drugs
18 1690,4/13/18,4/13/18,Drug Paraphernalia
18-1688,4/13/18,4/13/18,Aggravated Menacing
18-1688,4/17/18,4/13/18,Supplement
18-1687,4/18/18,4/18/18,Supplement
18-1687,4/13/18,4/13/18,Burglary
18-1686,4/13/18,4/13/18,Ill Aided
18-1684,4/13/18,4/13/18,Traffic Crash-Property Damage
18-1681,6/10/18,6/10/18,Supplement
18-1678,4/18/18,4/18/18,I mpersonating a Peace Officer
18-1678,6/26/18,6/26/18,Supplement
18-1667,4/12/18,4/12/18,Criminal Mischief
18-1664,4/12/18,4/12/18,Administrative Information
18-1664,4/13/18,4/13/18,Supplement
18-1662,4/12/18,4/12/18,Ill Aided
18-1661,4/12/18,4/12/18,Disorderly Conduct
18-1660,4/12/18,4/12/18,Traffic Crash-Property Damage
18-1659,4/12/18,4/12/18,Traffic Crash-Property Damage
18-1656,4/11/18,4/11/18,Theft
18-1653,4/11/18,4/11/18,Theft
18-1652,4/11/18,4/11/18,Ill Aided
18-1651,4/11/18,2/20/18,Telecommunications Harassment
18-1651,4/11/18,4/11/18,Supplement
18-1648,4/11/18,4/11/18,Ill Aided
18-1647,4/11/18,4/10/18,Theft (Of Bicycle)
18-1646,4/9/18,4/9/18,Administrative Information
18-1645,4/11/18,4/11/18,Traffic Crash-Property Damage-Hit Skip
18-1638,4/10/18,4/10/18,Possession of Drugs
18-1637,4/10/18,4/10/18,Traffic Crash-Property Damage
18-1635,4/10/18,3/28/18,Menacing By Stalking
18-1635,4/10/18,3/23/18,Supplement
18-1634,4/10/18,4/10/18,Administrative Information
18-1633,4/10/18,4/10/18,Traffic Crash-Property Damage
18-1632,4/10/18,4/10/18,Ill Aided
18-1629,4/10/18,4/9/18,Theft (Of Bicycle)
18-1625,4/9/18,4/9/18,Possession of Drugs
18-1623,4/9/18,4/9/18,Theft
18-1622,4/9/18,4/9/18,Administrative Information
18-1621,4/9/18,4/9/18,Burglary
18-1621,6/10/18,4/9/18,Supplement
18-1621,8/1/18,8/1/18,Supplement
18-1618,4/9/18,4/8/18,Criminal Damaging
18-1617,4/9/18,8/1/95,Sexual Imposition
18-1617,7/12/18,7/12/18,Supplement
18-1616,4/9/18,4/5/18,Theft
18-1611,4/9/18,4/9/18,Traffic Crash-Property Damage
18-1610,4/8/18,4/8/18,Rape
18-1610,5/15/18,5/15/18,Supplement
18-1609,4/5/18,3/28/18,Theft
18-1608,4/8/18,4/8/18,Theft (From Auto)
18-1607,4/8/18,4/8/18,Ill Aided
18-1607,4/30/18,4/30/18,Supplement
18-1605,4/8/18,4/8/18,Gross Sexual Imposition
18-1605,4/16/18,4/16/18,Supplement
18-1604,4/8/18,4/8/18,Possession of Drugs
18-1603,4/8/18,4/8/18,Assist Other Agency
18-1601,4/7/18,4/7/18,Administrative Information
18-1599,4/7/18,4/7/18,Theft
18-1595,4/7/18,4/7/18,Ill Aided
18-1593,4/7/18,4/6/18,Ethnic Intimidation
18-1591,4/7/18,4/7/18,Public Accident
18-1590,4/7/18,4/7/18,Carrying Concealed Weapon
18-1589,4/7/18,4/7/18,Disorderly Conduct
18-1587,4/7/18,4/7/18,Assault
18-1586,4/6/18,4/6/18,OVI
18-1584,4/6/18,4/6/18,Possession of Drugs
18-1582,4/6/18,4/6/18,Drug Paraphernalia
18-1580,4/6/18,4/6/18,Ill Aided
18-1578,4/6/18,4/6/18,Criminal Damaging
18-1577,4/6/18,4/6/18,Theft
18-1576,4/6/18,4/6/18,Traffic Crash-Property Damage-Hit Skip
18-1575,4/6/18,4/6/18,Ill Aided
18-1573,4/6/18,4/6/18,Driving Under Suspension
18-1571,4/6/18,3/29/18,Theft (From Auto)
18-1571,4/8/18,3/29/18,Supplement
18-1565,4/5/18,4/5/18,Offenses involving underage persons
18-1564,4/5/18,4/1/18,Theft
18-1563,4/5/18,4/5/18,Death
18-1562,4/5/18,4/2/18,Theft
18-1561,4/5/18,4/5/18,Possessing Drug Abuse Instruments
18-1561,4/6/18,4/6/18,Supplement
18-1560,4/5/18,4/5/18,Prohibited Acts
18-1558,4/5/18,4/5/18,Domestic Violence
18-1556,4/4/18,12/1/17,CSA Report: Rape
18 1554,4/4/18,8/19/17,CSA Report: Rape
18-1552,4/4/18,4/4/18,Traffic Crash-Property Damage-Hit Skip
18-1549,4/4/18,3/30/18,Sexual I mposition
18-1549,4/27/18,4/27/18,Supplement
18-1548,4/4/18,4/4/18,Assist Other Agency
18-1547,4/4/18,4/4/18,Missing Person
18-1547,4/8/18,12/31/69,Supplement
18-1547,4/4/18,4/4/18,Supplement
18-1541,4/4/18,3/29/18,Telecommunications Harassment
18-1540,4/4/18,4/4/18,Traffic Crash-Property Damage
18-1539,4/4/18,4/4/18,Assist Other Agency
18-1538,4/4/18,4/4/18,Assist Other Agency
18-1537,4/4/18,4/4/18,Possessing Drug Abuse Instruments
18-1532,4/3/18,4/3/18,Criminal Mischief
18-1531,4/3/18,4/1/18,Menacing
18-1530,4/3/18,4/3/18,Administrative Information
18-1529,4/3/18,4/3/18,Domestic Violence
18-1528,4/3/18,4/3/18,Ill Aided
18-1527,4/6/18,4/6/18,Supplement
18-1525,4/3/18,4/3/18,Traffic Crash-Property Damage
18-1524,4/3/18,4/3/18,Theft
18-1523,4/3/18,4/3/18,Aggravated Menacing
18-1520,4/3/18,4/3/18,Ill Aided
18-1518,4/3/18,4/3/18,Traffic Crash-Injury
18-1514,4/3/18,4/3/18,Possession of Drugs
18-1512,4/2/18,3/27/18,Theft (Of Bicycle)
18-1511,4/2/18,4/2/18,Drug Paraphernalia
18-1509,4/2/18,8/22/17,Rape
18-1506,4/2/18,3/24/18,Arson
18-1505,4/2/18,1/1/08,Administrative Information
18-1504,4/2/18,4/2/18,Possession of Drugs
18-1498,4/2/18,4/1/18,Criminal Damaging
18-1498,4/17/18,4/17/18,Supplement
18-1497,4/2/18,3/23/18,Recovered Property
18-1495,4/2/18,3/30/18,Theft
18-1495,4/3/18,4/3/18,Supplement
18-1493,4/2/18,4/2/18,Criminal Damaging
18-1489,4/1/18,4/1/18,Criminal Trespass
18-1487,4/1/18,4/1/18,Disorderly Conduct
18-1486,4/1/18,4/1/18,CSA Report: Rape
18-1485,4/1/18,4/1/18,Disorderly Conduct
18-1484,4/1/18,4/1/18,Offenses involving underage persons
18-1483,3/31/18,3/31/18,Extortion
18-1483,4/9/18,4/9/18,Supplement
18-1480,3/31/18,3/31/18,Offenses involving underage persons
18-1480,3/31/18,3/31/18,Supplement
18-1477,3/31/18,3/31/18,Offenses involving underage persons
18-1476,3/30/18,3/30/18,Theft
18-1475,3/30/18,3/30/18,Possession of Drugs
18-1475,4/5/18,4/5/18,Supplement
18-1472,3/30/18,3/30/18,Felonious Assault
18-1471,3/30/18,3/30/18,Traffic Crash-Property Damage
18-1468,3/30/18,3/30/18,Assist Other Agency
18-1468,4/8/18,4/8/18,Supplement
18-1468,7/12/18,7/12/18,Supplement
18-1467,3/30/18,3/30/18,Drug Paraphernalia
18-1465,3/30/18,3/26/18,Theft
18-1465,4/5/18,4/5/18,Supplement
18-1463,4/3/18,4/3/18,Supplement
18-1463,3/30/18,3/30/18,Rape
18-1462,3/30/18,3/28/18,Administrative Information
18-1461,3/30/18,3/30/18,Ill Aided
18-1460,3/30/18,3/30/18,Ill Aided
18-1459,3/30/18,3/30/18,Ill Aided
18-1458,3/30/18,3/30/18,Disorderly Conduct
18-1457,3/30/18,3/30/18,Offenses involving underage persons
18-1456,3/29/18,3/29/18,Theft
18-1456,4/5/18,4/5/18,Supplement
18-1456,4/6/18,4/6/18,Supplement
18-1455,3/29/18,3/29/18,Traffic Crash-Property Damage-Hit Skip
18-1454,3/29/18,3/29/18,Administrative Information
18-1453,3/29/18,3/29/18,Receiving Stolen Property
18-1449,3/29/18,3/29/18,Traffic Crash-Property Damage
18-1446,3/29/18,3/29/18,Traffic Crash-Property Damage
18-1443,3/28/18,3/28/18,Administrative Information
18-1442,3/28/18,3/27/18,Disorderly Conduct
18-1442,4/2/18,3/27/18,Supplement
18-1442,8/1/18,3/27/18,Supplement
18-1441,3/28/18,10/22/17,Sexual I mposition
18-1440,3/28/18,3/26/18,Administrative Information
18-1439,3/28/18,3/28/18,Public Accident
18-1437,3/28/18,3/28/18,Traffic Crash-Property Damage
18-1433,3/27/18,3/27/18,Ill Aided
18-1432,3/27/18,3/27/18,Theft
18-1430,3/27/18,3/27/18,Traffic Crash-Property Damage-Hit Skip
18-1430,4/10/18,4/10/18,Supplement
18-1430,4/10/18,3/27/18,Supplement
18-1429,3/27/18,3/27/18,Traffic Crash-Property Damage-Hit Skip
18-1428,3/27/18,3/27/18,Administrative Information
18-1425,3/27/18,3/27/18,Assist Other Agency
18-141 8,3/26/18,3/26/18,Theft
18-1416,3/26/18,3/22/18,Breakni gand Entering
18-1415,3/26/18,3/20/18,Breakni gand Entering
18-1414,3/26/18,3/25/18,Criminal Simulation
18-1411,3/25/18,3/24/18,Disseminating Matter Harmful To Juveniles
18-1411,4/2/18,4/2/18,Supplement
18-1410,3/25/18,3/25/18,Theft
18-1409,3/25/18,3/25/18,Theft
18-1408,3/25/18,3/25/18,Physical Control
18-1405,3/25/18,3/25/18,Prohibited Acts
18-1404,3/25/18,3/25/18,Disorderly Conduct
18-1 40 2,3/25/18,3/25/18,Prohibited Acts
18-1400,3/25/18,3/25/18,Prohibited Acts
18-1399,3/25/18,3/25/18,Disorderly Conduct
18-1397,3/24/18,3/24/18,Ill Aided
18-1396,3/24/18,3/24/18,Assist Other Agency
18-1395,3/24/18,3/24/18,Disorderly Conduct
18-1392,3/24/18,3/24/18,Possession of Drugs
18-1391,4/12/18,4/12/18,Supplement
18-1391,3/24/18,3/24/18,Missing Person
18-1389,3/24/18,3/24/18,Possessing Drug Abuse Instruments
18-1388,3/24/18,3/24/18,Disorderly Conduct
18-1387,3/24/18,3/24/18,Offenses involving underage persons
18-1386,3/24/18,3/24/18,Prohibited Acts
18-1385,3/24/18,3/24/18,Prohibited Acts
18-1384,3/24/18,3/24/18,Offenses involving underage persons
18-1379,3/23/18,3/23/18,Ill Aided
18-1378,3/23/18,3/23/18,Possessing Drug Abuse Instruments
18-1376,3/23/18,3/23/18,Assist Other Agency
18-1370,3/23/18,3/23/18,Drug Paraphernalia
18-1365,3/23/18,3/23/18,Drug Paraphernalia
18-1363,3/23/18,3/23/18,Ill Aided
18-1361,3/23/18,3/23/18,Offenses involving underage persons
18-1360,3/23/18,3/23/18,Disorderly Conduct
18-1357,3/22/18,3/22/18,Prohibited Acts
18-1356,3/22/18,3/22/18,Possession of Drugs
18-1356,3/25/18,3/25/18,Supplement
18-1355,3/22/18,3/22/18,Burglary
18-1355,3/24/18,3/24/18,Supplement
18-1354,3/22/18,3/22/18,Theft
18-1353,3/22/18,3/10/18,Theft
18-1351,3/22/18,3/22/18,Ill Aided
18-1350,3/22/18,3/22/18,Possession of Drugs
18-1350,6/24/18,6/24/18,Supplement
18-1348,3/22/18,3/9/18,Theft
18-1345,3/22/18,3/22/18,Traffic Crash-Property Damage
18-1341,3/22/18,3/22/18,Assist Other Agency
18-1339,3/22/18,3/22/18,Traffic Crash-Property Damage
18-1334,3/22/18,3/22/18,Administrative Information
18-1331,3/21/18,3/21/18,Criminal Trespass
18-1324,3/21/18,3/21/18,Extortion
18-1321,3/21/18,3/20/18,Assault
18-1321,3/30/18,3/30/18,Supplement
18-1318,3/21/18,2/1/17,Identity Fraud
18-1317,3/21/18,3/19/18,Theft (From Auto)
18-1314,3/21/18,3/21/18,Drug Paraphernalia
18-1310,3/20/18,3/20/18,Criminal Simulation
18-1309,3/20/18,3/20/18,Ill Aided
18-1308,3/20/18,3/20/18,Administrative Information
18-1307,3/20/18,3/20/18,Theft
18-1301,3/20/18,3/9/18,Theft
18-1299,3/19/18,3/19/18,Drug Paraphernalia
18-1296,3/19/18,3/19/18,Ill Aided
18-1295,3/19/18,3/19/18,Administrative Information
18-1294,3/19/18,3/19/18,Theft
18-1293,3/19/18,3/19/18,Property Impound
18-1292,3/19/18,3/10/18,Theft (Of Bicycle)
18-1290,3/19/18,3/15/18,Theft
18-1289,3/19/18,3/19/18,Public Indecency
18-1288,3/19/18,3/19/18,Public Indecency
18-1285,3/18/18,3/18/18,Traffic Crash-Property Damage
18-1284,3/19/18,3/19/18,Theft
18-1284,3/18/18,3/9/18,Supplement
18-1283,3/18/18,3/18/18,Assist Other Agency
18-1281,3/18/18,3/18/18,Theft
18-1280,3/18/18,3/16/18,Theft
18-1279,3/18/18,3/18/18,Possession of Drugs
18-1272,3/18/18,3/18/18,Assist Other Agency
18-1271,3/18/18,3/18/18,Prohibited Acts
18-1268,3/17/18,3/17/18,Administrative Information
18-1263,3/17/18,3/17/18,Theft
18-1262,3/17/18,3/17/18,Possessing Drug Abuse Instruments
18-1262,3/20/18,3/20/18,Supplement
18-1260,3/17/18,3/17/18,Drug Paraphernalia
18-1259,3/17/18,3/17/18,Assist Other Agency
18-1258,3/17/18,3/17/18,Disorderly Conduct
18-1251,3/16/18,3/13/18,Theft
18-1249,3/16/18,9/24/15,Identity Fraud
18-1248,3/16/18,3/16/18,Drug Paraphernalia
18-1247,3/16/18,3/16/18,Theft
18-1246,3/16/18,3/9/18,Theft
18-1244,3/16/18,3/16/18,Disorderly Conduct
18-1243,3/16/18,3/16/18,Ill Aided
18-1242,3/16/18,3/16/18,Possession of Drugs
18-1239,3/15/18,3/15/18,Drug Paraphernalia
18-1236,3/15/18,3/15/18,Assist Other Agency
18-1234,3/15/18,3/15/18,Fire-Working
18-1234,4/6/18,4/6/18,Supplement
18-1233,3/15/18,3/15/18,Possession of Drugs
18- 1232,3/15/18,3/15/18,Aggravated Robbery
18-1232,8/6/18,8/6/18,Supplement
18-1230,3/15/18,3/15/18,Telecommunications Harassment
18- 1229,3/15/18,3/15/18,Traffic Crash-Property Damage
18- 1221,3/14/18,3/5/18,Menacing By Stalking
18-1221,3/15/18,3/15/18,Supplement
18- 1214,3/16/18,3/16/18,Supplement
18-1214,3/14/18,3/14/18,Drug Paraphernalia
18-1213,3/14/18,3/14/18,Drug Paraphernalia
18-1207,3/14/18,03/14/0002,Assist Other Agency
18-1207,5/10/18,5/10/18,Supplement
18- 1206,3/14/18,3/14/18,Possessing Drug Abuse Instruments
18-1205,3/13/18,3/11/18,Traffic Crash-Property Damage-Hit Skip
18-1204,3/13/18,3/13/18,Supplement
18-1204,3/13/18,3/13/18,Administrative Information
18-1203,3/13/18,2/27/18,Criminal Damaging
18-1202,3/13/18,3/13/18,Drug Paraphernalia
18-1201,3/13/18,3/13/18,Theft
18-1200,3/13/18,3/13/18,Public Accident
18-1199,3/13/18,3/13/18,Possessing Drug Abuse Instruments
18-1193,3/13/18,3/13/18,Driving Under Suspension
18-1190,1/12/18,1/1/18,Administrative Information
18-1186,3/12/18,3/12/18,Theft
18-1185,3/12/18,3/11/18,Theft
18-1185,3/19/18,3/19/18,Supplement
18-1184,3/11/18,3/11/18,Assist Other Agency
18-1183,3/14/18,3/11/18,Supplement
18-1183,3/11/18,3/11/18,Traffic Crash-Property Damage-Hit Skip
18-1182,3/11/18,3/6/18,Disorderly Conduct
18-1181,3/11/18,3/11/18,Ill Aided
18-1180,3/11/18,3/11/18,Ill Aided
18-1178,3/11/18,3/11/18,Domestic Violence
18-1178,3/31/18,3/31/18,Supplement
18-1175,3/11/18,3/11/18,Assist Other Agency
18-1174,3/11/18,3/11/18,DUI/ OMV!
18-1173,3/10/18,3/10/18,Possession of Drugs
18-1172,3/10/18,3/10/18,Menacing
18-1172,3/10/18,3/10/18,Supplement
18-1170,3/10/18,3/9/18,Theft
18-1169,3/10/18,3/10/18,Traffic Crash-Property Damage
18-1161,3/10/18,3/10/18,Obstructing Official Business
18-1160,3/9/18,3/9/18,Disorderly Conduct
18-1159,3/9/18,3/8/18,Theft
18-1159,3/12/18,3/12/18,Supplement
18-1158,3/9/18,3/9/18,Disorderly Conduct
18-1157,3/28/18,3/8/18,Criminal Damaging
18-1157,3/9/18,3/28/18,Supplement
18-1156,3/9/18,12/31/18,Ill Aided
18-1155,3/9/18,3/6/18,Traffic Crash-Property Damage-Hit Skip
18-1153,3/9/18,3/6/18,Telecommunications Harassment
18-1152,3/9/18,3/8/18,Criminal Damaging
18-1148,3/9/18,3/8/18,Theft
18- 1147,3/9/18,3/9/18,Criminal Trespass
18-1145,3/8/18,3/8/18,Criminal Trespass
18-1144,3/8/18,3/7/18,Unauthorized Use of  Property
18- 1144,3/9/18,3/9/18,Supplement
18-1144,3/12/18,3/12/18,Supplement
18-1144,4/3/18,4/3/18,Supplement
18-1143,3/8/18,3/8/18,Oiminal Damaging
18-1142,3/8/18,3/8/18,Traffic Crash-Property Damage-Hit Skip
18-1141,3/8/18,3/8/18,Theft
18-1140,3/8/18,3/8/18,Possessing Drug Abuse Instruments
18-1140,3/13/18,3/13/18,Supplement
18-1136,3/8/18,3/8/18,Traffic Crash-Property Damage
18-1135,3/8/18,3/8/18,Traffic Crash-Property Damage-Hit Skip
18-1135,3/14/18,3/14/18,Supplement
18-1134,3/8/18,1/1/15,Administrative Information
18-1133,3/8/18,3/8/18,Possession of Drugs
18- 1132,3/8/18,2/20/18,Theft
18-1131,3/8/18,3/8/18,Criminal Trespass
18-1130,3/7/18,3/7/18,Auto Impound
18-1129,3/7/18,3/7/18,Traffic Crash-Property Damage
18-1128,3/7/18,3/7/18,Ill Aided
18-1127,3/7/18,3/7/18,Administrative Information
18-1126,3/7/18,3/5/18,Theft
18-1126,3/7/18,3/4/18,Time Change
18-1126,3/14/18,3/14/18,Supplement
18-1125,3/7/18,3/6/18,Theft
18- 1124,3/7/18,3/7/18,Traffic Crash-Property Damage
18-1117,3/7/18,3/7/18,Disorderly Conduct
18- 1117,3/9/18,3/9/18,Supplement
18-1116,3/7/18,3/6/18,Traffic Crash-Property Damage-Hit Skip
18-1114,3/6/18,3/6/18,Disorderly Conduct
18-1112,3/6/18,3/6/18,Prohibited Acts
18-1111,3/6/18,3/6/18,Disorderly Conduct
18-1107,3/6/18,3/6/18,Ill Aided
18-1106,3/6/18,3/2/18,Theft
18-1105,3/6/18,3/6/18,Possession of Drugs
18-1104,3/6/18,3/6/18,Assist Other Agency
18-1103,3/6/18,3/1/18,Theft
18-1098,3/5/18,3/5/18,Theft
18-1097,3/5/18,3/5/18,Theft
18-1096,3/5/18,3/5/18,Burglary
18-1095,3/5/18,3/5/18,Burglary
18-1094,3/5/18,3/5/18,Traffic Crash-Property Damage-Hit Skip
18-1092,3/5/18,3/5/18,Theft
18-1091,3/5/18,3/5/18,Ill Aided
18-1090,3/5/18,3/5/18,Ill Aided
18-1 088,3/9/18,3/9/18,Supplement
18-1088,3/5/18,3/5/18,Theft (From Auto)
18-1086,3/5/18,2/28/18,Theft
18-1084,3/5/18,3/5/18,Possession of Drugs
18-1083,3/5/18,3/4/18,Theft
18-1082,3/5/18,3/5/18,Possession of Drugs
18 1080,3/5/18,2/28/18,Misuse of Credit Cards
18-1 080,3/9/18,3/9/18,Supplement
18-1078,3/5/18,3/5/18,Burglary
18-1077,3/5/18,3/5/18,Aggravated Burglary
18-1076,3/5/18,3/5/18,Criminal Damaging
18-1075,3/5/18,3/5/18,Assault
18-1074,3/5/18,3/5/18,Assist Other Agency
18-1073,3/4/18,3/4/18,Theft
18-1073,3/22/18,3/22/18,Supplement
18-1070,3/22/18,3/22/18,Supplement
18-1070,3/4/18,3/4/18,Theft
18-1069,3/4/18,3/3/18,Theft
18-1068,3/4/18,3/4/18,Theft
18-1068,3/22/18,3/22/18,Supplement
18-1067,3/4/18,3/4/18,Possessing Drug Abuse Instruments
18-1065,3/4/18,3/4/18,Disorderly Conduct
18-1064,3/4/18,3/4/18,Physical Control
18-1060,3/3/18,3/3/18,Disorderly Conduct
18-1059,3/3/18,3/1/18,Theft
18-1058,3/3/18,2/28/18,Assault
18-1058,4/27/18,4/27/18,Supplement
18-1044,3/2/18,3/2/18,Drug Paraphernalia
18-1043,3/2/18,3/2/18,Assist Other Agency
18-1042,3/2/18,3/2/18,Administrative Information
18-1041,3/2/18,3/2/18,Possession of Drugs
18-1040,3/2/18,3/2/18,Administrative Information
18-1040,3/2/18,2/26/18,Supplement
18-1039,3/2/18,3/2/18,Traffic Crash-Property Damage
18-1038,3/2/18,3/2/18,Administrative Information
18-1037,3/2/18,3/2/18,Assist Other Agency
18-1 036,3/2/18,3/2/18,Traffic Crash-Property Damage
18-1035,3/2/18,2/27/18,Theft
18-1035,3/6/18,3/6/18,Supplement
18-1 032,3/1/18,3/1/18,Possession of Drugs
18-1 031,3/1/18,11/1/17,Administrative Information
18-1 031,3/12/18,11/1/17,Supplement
18-1028,3/1/18,3/1/18,Ill Aided
18-1027,3/2/18,3/2/18,Supplement
18-1027,3/1/18,3/1/18,Telecommunications Harassment
18-1026,3/1/18,3/1/18,Traffic Crash-Property Damage
18-1025,3/1/18,10/15/17,Theft
18-1024,3/1/18,3/1/18,Disorderly Conduct
18-1 018,3/1/18,3/1/18,Administrative Information
18-1017,3/1/18,3/1/18,Possessing Drug Abuse Instruments
18-1009,2/28/18,2/28/18,Ill Aided
18-1008,2/28/18,2/28/18,Sexual Imposition
18-1008,3/1/18,3/1/18,Supplement
18-1008,3/29/18,3/29/18,Supplement
18-1004,2/28/18,2/28/18,Traffic Crash-Injury
18-0993,2/27/18,2/27/18,Assist Other Agency
18-0988,2/27/18,2/24/18,Misuse of Credit Cards
18-0979,2/26/18,2/26/18,Theft
18-0978,2/26/18,2/25/18,Traffic Crash-Property Damage-Hit Skip
18-0977,2/26/18,2/26/18,Ill Aided
18-0976,2/26/18,2/26/18,Traffic Crash-Property Damage
18-0975,2/26/18,2/26/18,Theft
18-0974,2/26/18,2/25/18,Administrative Information
18-0974,2/27/18,2/27/18,Supplement
18-0973,3/29/18,3/29/18,Supplement
18-0973,2/26/18,1/8/18,Supplement
18-0973,2/26/18,1/8/18,Theft
18-0973,2/27/18,2/11/18,Supplement
18-0970,2/26/18,2/9/18,Theft
18-0970,3/6/18,3/6/18,Supplement
18-0969,2/26/18,2/26/18,Drug Paraphernalia
18-0968,2/26/18,2/26/18,Assist Other Agency
18-0963,2/26/18,2/26/18,Possession of Drugs
18-0961,2/25/18,2/25/18,Ill Aided
18-0959,2/25/18,2/24/18,Sexual I mposition
18-0956,2/25/18,2/24/18,Theft
18-0953,2/25/18,2/25/18,Disorderly Conduct
18-0948,2/24/18,2/24/18,Administrative Information
18-0948,2/24/18,2/24/18,Supplement
18-0947,2/24/18,2/24/18,Offenses involving underage persons
18-0947,2/24/18,2/24/18,Supplement
18-0946,2/24/18,2/24/18,Traffic Crash-Property Damage
18-0945,2/24/18,2/24/18,Criminal Trespass
18-0944,2/24/18,2/24/18,Offenses involving underage persons
18-0942,2/24/18,2/24/18,Disorderly Conduct
18-0939,2/24/18,2/24/18,Offenses involving underage persons
18-0938,2/24/18,2/24/18,Offenses involving underage persons
18-0937,2/24/18,2/24/18,Possessing Drug Abuse Instruments
18-0936,2/24/18,2/24/18,Offenses involving underage persons
18-0931,2/23/18,2/23/18,Possession of Drugs
18-0931,2/25/18,2/23/18,Supplement
18-0930,2/23/18,2/23/18,Theft (Of Bicycle)
18-0927,2/23/18,2/23/18,Theft
18-0926,2/23/18,2/22/18,Theft
18-0921,2/23/18,2/23/18,Theft
18-0920,2/23/18,2/23/18,Possession of Drugs
18-0914,2/22/18,2/22/18,Ill Aided
18-0911,2/22/18,2/22/18,Traffic Crash-Property Damage
18-0910,2/22/18,2/22/18,Assist Other Agency
18-0909,2/22/18,2/22/18,Driving Under Suspension
18-0904,2/21/18,2/21/18,Criminal Trespass
18-0902,2/21/18,2/21/18,Administrative Information
18-0901,2/21/18,2/21/18,Administrative Information
18-0899,2/21/18,2/21/18,Assist Other Agency
18-0898,2/21/18,2/21/18,Traffic Crash-Property Damage
18-0893,2/20/18,2/20/18,Drug Paraphernlaia
18-0891,2/20/18,2/20/18,Obstructing Official Business
18-0891,3/22/18,3/22/18,Supplement
18-0886,2/22/18,2/22/18,Supplement
18-0886,2/20/18,2/18/18,Missing Person
18-0883,2/20/18,2/20/18,Traffic Crash-Property Damage
18-0882,2/20/18,2/6/18,Theft
18-0882,3/12/18,3/12/18,Supplement
18-0881,2/20/18,2/20/18,Assist Other Agency
18-0874,2/19/18,2/19/18,Assist Other Agency
18-0869,2/19/18,2/6/18,Public Accident
18-0867,2/19/18,2/19/18,Traffic Crash-Property Damage-Hit Skip
18-0865,2/19/18,2/19/18,Traffic Crash-Property Damage
18-0864,2/19/18,2/19/18,Administrative Information
18-0853,2/18/18,2/18/18,Drug Paraphernalia
18-0842,2/18/18,2/16/18,Theft (Of Auto)
18-0842,2/25/18,2/25/18,Supplement
18-0841,2/18/18,2/18/18,Criminal Trespass
18-0837,2/18/18,2/18/18,Oiminal Damaging
18-0836,2/18/18,2/18/18,Theft
18-0831,2/17/18,2/17/18,Disorderly Conduct
18-0829,2/17/18,2/17/18,Administrative Information
18-0827,2/17/18,2/17/18,Administrative Information
18-0825,2/17/18,2/15/18,Theft
18-0824,2/17/18,2/17/18,Rape
18-0822,2/17/18,2/17/18,OVI
18-0815,2/16/18,2/16/18,Drug Paraphernalia
18-0813,2/16/18,2/15/18,Traffic Crash-Property Damage-Hit Skip
18-0812,2/16/18,2/16/18,Traffic Crash-Property Damage-Hit Skip
18-0811,2/16/18,2/16/18,Traffic Crash-Property Damage-Hit Skip
18-0811,2/25/18,2/25/18,Supplement
18-0810,2/16/18,2/16/18,Traffic Crash-Injury
18-0809,2/16/18,2/16/18,Administrative Information
18-0806,2/15/18,11/1/17,Administrative Information
18-0805,2/15/18,2/15/18,Disorderly Conduct
18-0804,2/15/18,2/15/18,Theft
18-0802,2/15/18,1/27/18,Rape
18-0801,2/15/18,2/9/18,Theft
18-0799,2/15/18,2/15/18,Ill Aided
18-0798,2/15/18,2/15/18,Assist Other Agency
18-0795,2/15/18,10/16/17,Sexual Imposition
18-0794,2/15/18,2/15/18,Drug Paraphernlaia
18-0792,2/15/18,2/15/18,Ill Aided
18-0791,2/15/18,2/15/18,Possessing Drug Abuse Instruments
18-0791,5/15/18,5/15/18,Supplement
18-0790,2/15/18,2/15/18,Traffic Crash-Property Damage
18-0783,2/14/18,2/14/18,Drug Paraphernalia
18-0782,2/14/18,2/14/18,Disorderly Conduct
18-0780,2/14/18,2/14/18,Administrative Information
18-0778,2/14/18,2/14/18,Traffic Crash-Property Damage
18-0777,2/14/18,2/10/18,Criminal Trespass
18-0777,2/26/18,2/26/18,Supplement
18-0777,7/7/18,7/7/18,Supplement
18-0775,2/14/18,2/13/18,Disorderly Conduct
18-0773,2/26/18,2/26/18,Supplement
18-0773,2/14/18,2/13/18,Theft
18-0772,2/14/18,2/14/18,Possession of Drugs
18-0771,2/13/18,2/13/18,Ill Aided
18-0770,2/13/18,2/13/18,Administrative Information
18-0767,2/13/18,1/15/18,Administrative Information
18-0766,2/13/18,1/19/18,Theft
18-0766,2/24/18,2/24/18,Supplement
18-0766,2/23/18,2/23/18,Supplement
18-0764,2/13/18,2/13/18,Disorderly Conduct
18-0763,2/13/18,2/13/18,Possession of Drugs
18-0762,2/13/18,2/13/18,Telecommunications Harassment
18-0761,2/13/18,8/18/17,Sexual I mposition
18-0759,2/13/18,2/13/18,Administrative Information
18-0758,2/13/18,2/13/18,Ill Aided
18-0757,2/13/18,2/13/18,Traffic Crash-Property Damage
18-0753,2/12/18,2/12/18,Assist Other Agency
18-0752,2/12/18,2/11/18,Administrative Information
18-0751,2/12/18,11/1/17,Rape
18-0749,2/12/18,2/2/18,Menacing By Stalking
18-0748,2/12/18,2/12/18,Telecommunications Harassment
18-0747,2/12/18,2/12/18,Assist Other Agency
18-0746,2/12/18,2/12/18,Possession of Drugs
18-0745,2/12/18,2/12/18,Traffic Crash-Property Damage
18-0743,2/12/18,2/12/18,Possessing Drug Abuse Instruments
18-0742,2/12/18,2/1/18,Administrative Information
18-0741,2/12/18,2/9/18,Prohibited Acts
18-0740,2/12/18,1/17/18,Telecommunications Harassment
18-0739,2/12/18,2/5/18,Telecommunications Harassment
18-0738,2/12/18,2/12/18,Traffic Crash-Property Damage
18-0737,2/12/18,2/11/18,Theft
18-0736,2/12/18,2/10/18,Theft
18-0735,2/12/18,2/9/18,Theft
18-0730,2/11/18,2/11/18,Administrative Information
18-0729,2/11/18,2/5/18,Theft
18-0726,2/11/18,2/11/18,Assist Other Agency
18-0724,2/11/18,2/11/18,Prohibited Acts
18-0720,2/11/18,2/11/18,Drug Paraphernalia
18-0719,2/10/18,2/10/18,Theft (Of Auto)
18-0719,2/11/18,2/11/18,Supplement
18-0718,2/10/18,2/10/18,Drug Paraphernalia
18-0717,2/10/18,2/10/18,Theft
18-0716,2/10/18,2/10/18,Possession of Drugs
18-0715,2/10/18,2/10/18,Domestic Violence
18-0715,2/11/18,2/10/18,Supplement
18-0715,3/19/18,2/10/18,Supplement
18-0712,2/10/18,2/10/18,Ill Aided
18-0709,2/10/18,2/10/18,Offenses involving underage persons
18-0705,2/10/18,2/10/18,Ill Aided
18-0702,2/9/18,2/9/18,Theft (From Auto)
18-0702,4/13/18,4/13/18,Supplement
18-0700,2/9/18,2/9/18,Traffic Crash-Property Damage-Hit Skip
18-0699,2/9/18,2/9/18,Trash Fire
18-0698,2/9/18,2/9/18,Driving Under Suspension
18-0697,2/9/18,2/8/18,Theft
18-0696,2/9/18,2/9/18,Disorderly Conduct
18-0695,2/9/18,2/9/18,Possession of Drugs
18-0694,2/9/18,2/9/18,Traffic Crash-Property Damage
18-0693,2/9/18,1/31/18,Theft
18-0693,4/16/18,4/16/18,Supplement
18-0691,2/9/18,2/9/18,Supplement
18-0689,2/9/18,2/9/18,Possession of Drugs
18-0689,2/12/18,2/12/18,Possession of Drugs
18-0687,2/8/18,2/8/18,Drug Paraphernlaia
18-0686,2/8/18,2/8/18,Telecommunications Harassment
18-0685,2/8/18,2/8/18,Traffic Crash-Injury
18-0684,2/8/18,2/8/18,Possession of Drugs
18-0684,6/8/18,6/8/18,Supplement
18-0683,2/8/18,2/8/18,Criminal Trespass
18-0681,2/8/18,2/8/18,Traffic Crash-Property Damage
18-0680,2/6/18,2/6/18,Theft
18-0679,2/8/18,2/8/18,Ill Aided
18-0678,2/8/18,2/8/18,Drug Abuse Instruments
18-0676,2/5/18,2/5/18,Theft
18-0676,2/12/18,1/25/18,Supplement
18-0676,2/25/18,2/25/18,Supplement
18-0675,2/8/18,2/8/18,Traffic Crash-Property Damage
18-0671,2/8/18,2/8/18,Arson
18-0671,2/8/18,2/8/18,Supplement
18-0671,3/12/18,3/12/18,Supplement
18-0671,3/13/18,3/13/18,Supplement
18-0668,2/7/18,2/7/18,Ill Aided
18-0666,2/7/18,2/7/18,Theft
18-0666,3/31/18,2/7/18,Supplement
18-0665,2/7/18,2/7/18,Traffic Crash-Property Damage
18-0664,2/7/18,2/3/18,Administrative Information
18-0661,2/7/18,2/7/18,Theft
18-0660,2/7/18,2/6/18,Theft
18-0660,2/27/18,2/27/18,Theft
18-0657,2/7/18,2/7/18,Assist Other Agency
18-0651,2/6/18,2/6/18,Traffic Crash-Property Damage
18-0648,2/6/18,2/2/18,Misuse of Credit Cards
18-0648,2/22/18,2/2/18,Supplement
18-0648,2/21/18,2/21/18,Supplement
18-0647,2/6/18,2/6/18,Ill Aided
18-0646,2/6/18,2/6/18,Ill Aided
18-0645,2/6/18,2/6/18,Theft
18-0644,2/6/18,2/6/18,Theft
18-0643,2/6/18,2/6/18,Theft
18-0643,3/25/18,2/6/18,Supplement
18-0642,2/6/18,2/5/18,Theft
18-0641,2/6/18,2/6/18,Menacing
18-0640,2/6/18,2/8/18,Traffic Crash-Property Damage
18-0639,2/6/18,2/5/18,Theft
18-0633,2/6/18,2/6/18,Assist Other Agency
18-0625,2/5/18,2/5/18,Possessing Drug Abuse Instruments
18-0621,2/5/18,2/5/18,Prohibited Acts
18-0619,2/5/18,1/22/18,Theft
18-0618,2/5/18,2/5/18,Missing Person
18-0616,2/5/18,2/5/18,Criminal Trespass
18-0615,2/5/18,2/5/18,Criminal Trespass
18- 06 14,02/04/0002,02/04/0002,Traffic Crash-Injury-Hit Skip
18- 06 13,02/04/0002,02/04/0002,Traffic Crash-Property Damage-Hit Skip
18- 06 12,02/04/0002,02/04/0002,Traffic Crash-Property Damage
18- 06 11,02/04/0002,02/04/0002,Possession of Drugs
18-0610,2/4/18,2/4/18,Disorderly Conduct
18-0608,2/4/18,2/4/18,Theft
18-0604,2/4/18,2/4/18,Possession of Drugs
18-0601,2/4/18,2/4/18,Disorderly Conduct
18-0600,2/4/18,2/4/18,Offenses involving underage persons
18-0598,2/4/18,2/4/18,Assist Other Agency
18-0597,2/3/18,2/3/18,Possession of Drugs
18-0596,2/3/18,2/3/18,Rape
18-0596,4/9/18,2/3/18,Supplement
18-0590,2/3/18,2/3/18,Driving Under Suspension
18-0577,2/3/18,2/3/18,Administrative Information
18-0574,2/3/18,2/2/18,Theft
18-0571,2/3/18,2/3/18,Administrative Information
18-0569,2/3/18,2/3/18,Offenses involving underage persons
18-0568,2/3/18,2/3/18,Ill Aided
18-0566,2/3/18,2/3/18,Drug Paraphernlaia
18-0565,2/3/18,2/3/18,Offenses involving underage persons
18-0560,2/2/18,2/2/18,Ill Aided
18-0557,2/2/18,2/2/18,Traffic Crash-Property Damage
18-0556,2/2/18,2/2/18,Theft
18-0555,2/2/18,2/2/18,Ill Aided
18-0553,2/2/18,2/2/18,Traffic Crash-Property Damage
18-0551,2/2/18,2/2/18,Theft
18-0550,2/2/18,2/2/18,Criminal Trespass
18-0548,2/2/18,2/2/18,Traffic Crash-Property Damage
18-0538,2/1/18,2/1/18,Property Impound
18-0537,2/1/18,2/1/18,Traffic Crash-Property Damage-Hit Skip
18- 0534,2/1/18,2/1/18,Failure to Comply With Order of Police Officer
18-0532,2/1/18,2/1/18,Ill Aided
18- 0527,2/1/18,2/1/18,Traffic Crash-Property Damage-Hit Skip
18- 0526,2/1/18,2/1/18,Theft
18- 0525,2/1/18,9/1/17,Theft (Of Bicycle)
18-0524,2/1/18,1/22/18,Theft
18- 0524,2/2/18,1/22/18,Supplement
18-0523,2/1/18,2/1/18,Assault
18-0515,1/31/18,1/31/18,Assist Other Agency
18- 0511,1/31/18,1/31/18,Traffic Crash-Property Damage-Hit Skip
18-0503,1/31/18,1/31/18,Traffic Crash-Property Damage-Hit Skip
18-0502,1/31/18,1/31/18,Criminal Mischief
18-0495,1/31/18,1/30/18,Supplement
18-0495,1/30/18,1/29/18,Unauthorized Use of a Vehicle
18-0495,2/1/18,2/1/18,Supplement
18-0494,1/30/18,1/30/18,Theft
18-0491,1/30/18,1/30/18,Possession of Drugs
18-0489,1/30/18,1/30/18,Assist Other Agency
18-0488,1/30/18,1/30/18,Theft
18-0488,1/31/18,1/31/18,Supplement
18- 04 87,1/30/18,3/1/18,Traffic Crash-Property Damage-Hit Skip
18-0486,1/30/18,1/30/18,Ill Aided
18-0485,1/30/18,1/30/18,Criminal Trespass
18-0485,1/31/18,1/31/18,Supplement
18-0484,1/30/18,1/30/18,Traffic Crash-Injury
18-0479,1/30/18,1/30/18,Possession of Drugs
18-0475,1/29/18,1/29/18,Ill Aided
18-0474,1/29/18,1/29/18,Ill Aided
18-0471,1/29/18,1/29/18,Ill Aided
18-0471,5/1/18,5/1/18,Supplement
18-0470,1/29/18,1/29/18,Traffic Crash-Property Damage
18-0469,1/29/18,1/27/18,Theft
18-0469,2/24/18,2/24/18,Supplement
18-0468,1/29/18,1/29/18,Prohibited Acts
18-0466,1/29/18,1/29/18,Ill Aided
18-0465,1/29/18,1/29/18,Possessing Drug Abuse Instruments
18-0463,1/28/18,1/28/18,Telecommunications Harassment
18-0459,1/28/18,1/27/18,Administrative Information
18-0446,1/28/18,1/28/18,Disorderly Conduct
"
18-0445",1/28/18,1/28/18,Property Impound
18-0444,1/28/18,1/28/18,OVI
18-0441,1/28/18,1/28/18,Public Urination
18-0440,1/28/18,1/28/18,Ill Aided
18-0439,1/28/18,1/28/18,Ill Aided
18-0436,1/27/18,1/27/18,Theft
18-0435,1/27/18,1/27/18,Administrative Information
18-0435,1/27/18,1/27/18,Supplement
18-0434,1/27/18,1/27/18,Traffic Crash-Injury
18-0431,1/27/18,1/27/18,Assist Other Agency
18-0430,1/27/18,1/27/18,Possession of Drugs
18-0429,1/27/18,1/26/18,Theft
18-0429,1/30/18,1/26/18,Supplement
18-0428,1/27/18,1/27/18,Offenses involving underage persons
18-0427,1/26/18,1/26/18,Possession of Drugs
18- 0425,1/26/18,1/26/18,Assist Other Agency
18-0424,1/26/18,1/26/18,Disorderly Conduct
18-0421,1/26/18,1/26/18,Administrative Information
18- 0419,1/26/18,1/26/18,Disorderly Conduct
18-0418,1/26/18,1/23/18,Traffic Crash-Property Damage-Hit Skip
18- 0416,1/26/18,1/26/18,Disorderly Conduct
18-0416,1/27/18,1/27/18,Supplement
18-0415,1/26/18,1/26/18,Possessing Drug Abuse Instruments
18-0413,1/26/18,1/26/18,Administrative Information
18-0411,1/26/18,1/26/18,Traffic Crash-Property Damage
18-0409,1/26/18,1/26/18,Ill Aided
18-0400,1/25/18,1/25/18,Theft
18-0400,1/29/18,1/29/18,Supplement
18-0398,1/25/18,1/24/18,Misuse of Credit Cards
18-0398,3/29/18,3/29/18,Supplement
18-0398,3/29/18,3/29/18,Supplement
18-0397,3/20/18,3/20/18,Supplement
18-0397,1/25/18,11/9/17,Theft
18-0397,2/8/18,2/8/18,Supplement
18-0396,1/25/18,1/25/18,Theft
18-0396,1/26/18,1/26/18,Supplement
18-0395,1/25/18,1/25/18,Administrative Information
18-0394,1/25/18,1/25/18,Assist Other Agency
18-0393,1/25/18,1/25/18,Theft
18-0393,2/8/18,2/8/18,Supplement
18-0392,1/25/18,1/19/18,Theft
18-0391,1/25/18,1/25/18,Theft
18-0389,1/25/18,1/25/18,Ill Aided
18-0388,1/25/18,1/19/18,Sexual Imposition
18-0387,1/24/18,1/24/18,Traffic Crash-Property Damage
18-0386,1/24/18,1/24/18,Possession of Drugs
18-0384,1/24/18,1/24/18,Disrupting Public Services
18-0383,1/24/18,1/24/18,Traffic Crash-Property Damage-Hit Skip
18-0381,1/24/18,1/2/18,Criminal Damaging
18-0380,1/24/18,1/24/18,Public Accident
18-0378,1/24/18,1/24/18,Traffic Crash-Property Damage
18-0374,1/23/18,1/23/18,Offenses involving underage persons
18-0372,1/23/18,1/23/18,Possession of Drugs
18-0367,1/23/18,1/23/18,Traffic Crash-Property Damage
18-0366,1/23/18,1/23/18,Disorderly Conduct
18-0365,1/23/18,1/23/18,Traffic Crash-Injury
18-0363,1/23/18,1/19/18,Criminal Damaging
18-0362,1/23/18,1/23/18,Criminal Trespass
18-0361,1/23/18,1/19/18,Prohibited Acts
18-0360,1/23/18,1/23/18,Theft
18-0359,1/23/18,1/19/18,Criminal Damaging
18-0358,1/23/18,1/23/18,Traffic Crash-Property Damage-Hit Skip
18-0357,1/23/18,1/23/18,Traffic Crash-Property Damage
18 0355,1/23/18,1/23/18,Possessing Drug Abuse Instruments
18-0355,5/4/18,5/4/18,Supplement
18-0354,1/22/18,1/22/18,Assist Other Agency
18-0353,1/22/18,1/22/18,OVI
18-0350,1/22/18,12/24/17,Theft
18-0349,1/22/18,1/22/18,Possession of Drugs
18-0348,1/22/18,1/22/18,Possession of Drugs
18-0345,1/22/18,1/22/18,Traffic Crash-Injury
18-0338,1/21/18,1/21/18,Assault
18-0333,1/21/18,1/21/18,Theft
18-0330,1/21/18,1/21/18,Ill Aided
18-0329,1/21/18,1/21/18,OVI
18-0328,1/21/18,1/21/18,Possession of Drugs
18-0327,1/21/18,1/21/18,OVI
18-0321,1/20/18,1/20/18,Drug Paraphernalia
18-0316,1/20/18,1/20/18,Traffic Crash-Property Damage
18-0315,1/20/18,1/20/18,Traffic Crash-Property Damage
18-0314,1/20/18,1/8/18,Theft (Of Bicycle)
18-0313,1/20/18,1/20/18,Criminal Damaging
18-0312,1/20/18,1/20/18,Traffic Crash-Property Damage-Hit Skip
18-0311,1/20/18,1/19/18,Theft
18-0310,1/20/18,1/20/18,Domestic Violence
18-0309,1/20/18,1/20/18,Possession of Drugs
18-0308,1/20/18,1/20/18,Possession of Drugs
18-0306,1/20/18,1/20/18,Administrative Information
18-0302,1/20/18,1/20/18,Assist Other Agency
18-0300,1/20/18,1/20/18,Prohibited Acts
18-0296,1/19/18,10/27/17,Rape
18-0296,1/22/18,1/22/18,Supplement
18-0295,1/19/18,1/19/18,Menacing
18-0291,1/19/18,1/19/18,Possession of Drugs
18-0288,1/19/18,1/19/18,Traffic Crash-Property Damage-Hit Skip
18-2087,1/19/18,1/18/18,Traffic Crash-Property Damage
18-2086,1/19/18,1/19/18,Ill Aided
18-0285,1/19/18,1/19/18,Traffic Crash-Property Damage
18-0284,1/19/18,1/19/18,Traffic Crash-Property Damage
18-0283,1/19/18,1/19/18,Administrative Information
18-0280,1/18/18,1/18/18,Disorderly Conduct
18-0279,1/18/18,1/18/18,Assist Other Agency
18-0278,1/18/18,1/18/18,Administrative Information
18-0276,1/18/18,1/14/18,Theft
18-0274,1/18/18,1/17/18,Extortion
18-0273,1/18/18,1/18/18,Traffic Crash-Property Damage
18-0272,1/18/18,1/18/18,Traffic Crash-Property Damage
18-0271,1/18/18,1/18/18,Traffic Crash-Property Damage
18-0270,1/18/18,1/18/18,Traffic Crash-Property Damage-Hit Skip
18-0267,1/18/18,10/20/17,Gross Sexual Imposition
18-0267,1/22/18,1/22/18,Supplement
18-0265,1/17/18,1/17/18,Theft
18-0261,1/17/18,1/16/18,Theft
18-0260,1/17/18,1/16/18,Administrative Information
18-0259,1/17/18,1/17/18,Ill Aided
18-0257,1/17/18,1/17/18,Administrative Information
18-0256,1/17/18,1/16/18,Traffic Crash-Property Damage-Hit Skip
18-0255,1/17/18,1/17/18,Prohibited Acts
18-0253,1/17/18,1/17/18,Rape
18-0248,1/16/18,12/11/17,Theft
18-0248,1/20/18,1/20/18,Supplement
18-0244,1/16/18,1/10/18,Administrative Information
18-0242,1/16/18,1/16/18,Possessing Drug Abuse Instruments
18-0241,1/16/18,1/16/18,Traffic Crash-Property Damage
18-0238,1/15/18,1/15/18,Theft
18-0236,1/15/18,1/15/18,Possessing Drug Abuse Instruments
"18-
02352",8/1/18,8/1/18,Theft
18-0235,1/15/18,1/15/18,Drug Paraphernlaia
18-0234,1/15/18,1/15/18,Offenses involving underage persons
18-0232,1/15/18,1/15/18,Offenses involving underage persons
"18-
02311",7/29/18,7/29/18,Theft
18-0230,1/14/18,1/14/18,Possession of Drugs
"18-
02296",7/27/18,7/27/18,Theft
"18-
02289",7/27/18,7/22/18,Theft
"18-
02274",7/25/18,6/26/18,Theft
"18-
02268",7/25/18,7/10/18,Theft
"18-
02226",7/22/18,7/21/18,Theft
"18-
02210",7/21/18,7/21/18,Theft
"18-
02203",7/20/18,7/20/18,Theft
"18-
02184",7/18/18,7/16/18,Theft
"18-
02179",7/18/18,7/15/18,Theft
18-02161,7/16/18,7/15/18,Theft
18-0215,1/14/18,1/14/18,Assault
18-0214,1/14/18,1/14/18,OVI
18-02121,7/13/18,7/13/18,Theft
18-02094,7/11/18,7/11/18,Theft
18-0208,1/13/18,1/13/18,Theft
18-0207,1/13/18,1/13/18,Traffic Crash-Property Damage
18-0207,1/15/18,1/15/18,Supplement
18-02061,7/7/18,7/7/18,Theft
18-02041,7/5/18,7/5/18,Theft
18-02033,7/5/18,7/5/18,Theft
"18-
02019",7/4/18,7/4/18,Theft
"18-
02017",7/4/18,7/4/18,Theft
18-0201,1/13/18,1/13/18,Offenses involving underage persons
18- 0200,1/13/18,1/13/18,Offenses involving underage persons
"18-
01994",7/2/18,7/2/18,Theft
18- 0197,1/12/18,1/12/18,Ill Aided
18- 0195,1/12/18,1/12/18,Drug Paraphernalia
18- 0194,1/12/18,1/11/18,Extortion
18-0193,1/12/18,1/12/18,Traffic Crash-Property Damage
"18-
01919",6/25/18,6/25/18,Theft
"18-
01914",6/24/18,6/24/18,Theft
"18-
01910",6/24/18,6/19/18,Theft
"18-
01900",6/23/18,6/23/18,Theft
"18-
01898",6/23/18,6/22/18,Theft
"18-
01897",6/23/18,6/20/18,Theft
"18-
01881",6/22/18,6/22/18,Theft
18-0188,1/12/18,1/12/18,Traffic Crash-Property Damage
18-0186,1/12/18,1/12/18,OVI
18-0184,1/12/18,1/12/18,Disorderly Conduct
"18-
01830",6/17/18,6/17/18,Theft
18-0183,1/12/18,1/12/18,Assist Other Agency
"18-
01821",6/16/18,6/16/18,Theft
18-0182,1/12/18,1/12/18,Driving Under Suspension
"18-
01792",6/13/18,6/11/18,Theft
18-0179,1/11/18,1/11/18,Theft
"18-
01779",6/12/18,6/11/18,Theft
18-0177,1/11/18,1/11/18,Possession of Drugs
18-0176,1/11/18,1/11/18,Traffic Crash-Property Damage-Hit Skip
18-0175,1/11/18,1/11/18,Driving Under Suspension
"18-
01738",6/7/18,5/29/18,Theft
"18-
01700",6/4/18,6/4/18,Theft
18-0169,1/11/18,1/11/18,Telecommunications Harassment
18-0167,1/11/18,1/11/18,Disorderly Conduct
18-0165,1/11/18,1/11/18,Traffic Crash-Property Damage
18-0161,1/14/18,1/14/18,Supplement
18-0161,1/10/18,1/9/18,Theft
18-0161,2/19/18,2/19/18,Supplement
18-0159,1/10/18,1/10/18,Drug Paraphernalia
18-0158,1/10/18,1/10/18,Traffic Crash-Injury-Hit Skip
"18-
01577",5/24/18,5/23/18,Theft
"18-
01573",5/24/18,5/21/18,Theft
18-0156,1/10/18,1/10/18,Ill Aided
18-0152,1/10/18,1/10/18,Drug Paraphernalia
18-0151,1/10/18,1/10/18,Theft
18-0150,1/10/18,1/10/18,Ill Aided
18-0147,1/10/18,1/10/18,Traffic Crash-Property Damage
"18-
01453",5/15/18,4/14/18,Theft
18-0145,1/10/18,1/4/18,Theft
18-0143,1/10/18,1/10/18,Theft
18-0143,1/10/18,1/10/18,Supplement
18-0143,1/15/18,1/15/18,Supplement
18-0142,1/10/18,1/10/18,Theft
18-01400,5/10/18,5/5/18,Theft
"18-
01372",5/8/18,4/28/18,Theft
18-0137,1/9/18,1/9/18,Possessing Drug Abuse Instruments
18-0136,1/9/18,1/9/18,Possessing Drug Abuse Instruments
"18-
01334",5/4/18,5/3/18,Theft
18-0133,1/9/18,12/18/17,Aggravated Menacing
18-0133,1/9/18,12/18/17,Supplement
"18-
01321",5/3/18,5/3/18,Theft
"18-
01321",5/3/18,5/3/18,Theft
18-0132,1/9/18,1/9/18,Traffic Crash-Property Damage
18-0128,1/9/18,1/9/18,Ill Aided
"18-
01270",4/30/18,4/30/18,Theft
18-0126,1/9/18,1/9/18,Traffic Crash-Property Damage
18-0123,1/9/18,1/9/18,Drug Paraphernlaia
18-0122,1/9/18,1/9/18,Ill Aided
"18-
01200",4/23/18,4/23/18,Theft
18-0116,1/8/18,1/8/18,Traffic Crash-Property Damage-Hit Skip
"18-
01157",4/18/18,4/18/18,Theft
18-0115,1/8/18,1/8/18,Theft
"18-
01122",4/14/18,4/14/18,Theft
"18-
01119",4/14/18,4/8/18,Theft
18-0111,1/8/18,1/1/17,Telecommunications Harassment
18-0110,1/8/18,1/8/18,Ill Aided
18-0108,1/8/18,12/14/18,Theft (From Auto)
"18-
01050",4/7/18,4/6/18,Theft
"18-
01039",4/6/18,4/5/18,Theft
"18-
01037",4/6/18,3/28/18,Theft
"18-
01034",4/6/18,4/5/18,Theft
"18-
01024",4/5/18,4/4/18,Theft
"18-
01010",4/4/18,4/3/18,Theft
"18-
01003",4/4/18,4/3/18,Theft
"18-
00987",4/2/18,4/2/18,Theft
18-0097,3/27/18,3/27/18,Supplement
18-0097,1/7/18,12/13/17,Theft (Of Bicycle)
18-0097,1/8/18,1/8/18,Supplement
"18-
00960",3/31/18,3/31/18,Theft
"18-
00931",3/27/18,3/27/18,Theft
"18-
00915",3/24/18,3/23/18,Theft
"18-
00899",3/23/18,3/21/18,Theft
"18-
00876",3/20/18,3/20/18,Theft
"18-
00864",3/19/18,3/18/18,Theft
18-00848,3/17/18,3/17/18,Theft
18-0084,1/7/18,1/7/18,Possession of Drugs
18-00804,3/13/18,3/6/18,Theft
18-0078,1/6/18,1/4/18,Theft
18-00762,3/9/18,2/28/18,Theft
18-00761,3/9/18,3/7/18,Theft
18-00759,3/9/18,3/9/18,Theft
18-00746,3/8/18,3/7/18,Theft
18-00738,3/8/18,3/7/18,Theft
18-00728,3/7/18,3/1/18,Theft
18-00723,3/7/18,3/6/18,Theft
"18-
00712",3/5/18,2/28/18,Theft
18-0070,1/5/18,1/5/18,Administrative Information
18-0069,1/6/18,1/6/18,Drug Paraphernalia
18-0068,1/6/18,1/6/18,Disorderly Conduct
18-0067,1/6/18,1/6/18,Possessing Criminal Tools
18- 0067,3/27/18,3/27/18,Supplement
"18-
00668",2/28/18,2/24/18,Theft
"18-
00657",2/27/18,2/27/18,Theft
"18-
00622",2/23/18,2/23/18,Theft
"18-
00594",2/20/18,2/12/18,Theft
18-0056,1/5/18,1/4/18,Theft
18-0056,1/12/18,1/12/18,Supplement
18-0055,1/12/18,1/12/18,Supplement
"18-
00559",2/17/18,2/17/18,Theft
"18-
00479",2/14/18,2/12/18,Theft
"18-
00461",3/4/18,2/10/18,Theft
"18-
00453",2/14/18,2/9/18,Theft
"18-
00447",2/14/18,2/9/18,Theft
"18-
00430",4/1/18,2/7/18,Theft
18-0041,1/4/18,1/4/18,Theft
18-0039,2/7/18,2/5/18,Supplement
18-0038,1/4/18,12/11/17,Administrative Information
"18-
00368",2/1/18,1/27/18,Theft
"18-
00363",2/1/18,1/15/18,Theft
"18-
00361",2/1/18,2/1/18,Theft
18-0036,1/4/18,1/4/18,Criminal Trespass
18-0035,1/5/18,12/19/17,Supplement
18-0035,1/4/18,1/4/18,Criminal Damaging
18-0032,1/3/18,1/2/18,Theft
18-0031,1/3/18,1/3/18,Drug Paraphernalia
"18-
00308",1/27/18,1/24/18,Theft
"18-
00306",1/27/18,1/26/18,Theft
"18-
00300",1/26/18,1/26/18,Theft
18-0030,1/3/18,1/3/18,Carrying Concealed Weapon
"18-
00299",1/26/18,1/25/18,Theft
18-0029,1/3/18,1/3/18,Administrative Information
"18-
00270",1/24/18,1/21/18,Theft
18-0026,1/2/18,1/2/18,Ill Aided
18-0024,1/2/18,1/2/18,Theft
"18-
00236",1/22/18,12/31/17,Theft
"18-
00200",1/18/18,1/18/18,Theft
18-0020,1/2/18,1/2/18,Telecommunications Harassment
"18-
00161",1/15/18,1/10/18,Theft
"18-
00159",1/15/18,1/11/18,Theft
"18-
00152",1/14/18,1/11/18,Theft
18-0015,1/2/18,1/2/18,Traffic Crash-Property Damage-Hit Skip
18-0011,1/2/18,1/2/18,Traffic Crash-Property Damage
"18-
00094",1/10/18,1/10/18,Theft
"18-
00091",1/10/18,1/7/18,Theft
18-0009,1/1/18,1/1/18,Domestic Violenc e
18-0008,1/1/18,1/1/18,Drug Paraphernalia
"18-
00078",1/9/18,1/5/18,Theft
18-0007,1/1/18,1/1/18,Possession of Drugs
"18-
00054",1/7/18,1/7/18,Theft
"18-
00041",1/5/18,12/30/17,Theft
"18-
00039",1/5/18,1/2/18,Theft
"18-
000 28",1/2/18,1/2/18,Theft
"18-
00020",1/3/18,1/3/18,Theft
"18-
00014",1/2/18,12/27/17,Theft
17-6241,1/10/18,1/10/18,Supplement
17-6241,1/15/18,1/15/18,Supplement
17-6211,1/26/18,1/26/18,Supplement
17-6188,4/8/18,4/8/18,Supplement
17-6174,1/4/18,1/4/18,Supplement
17-6152,3/12/18,3/12/18,Supplement
17-6133,3/5/18,3/5/18,Supplement
17-6119,1/26/18,1/26/18,Supplement
17-6058,3/26/18,3/26/18,Supplement
17-6003,2/7/18,2/7/18,Supplement
17-5998,2/9/18,2/9/18,Supplement
17-5944,1/17/18,1/17/18,Supplement
17-5801,6/5/18,6/5/18,Supplement
17-5749,1/16/18,11/28/18,Supplement
17-5679,7/28/18,7/28/18,Supplement
17-5558,3/31/21,3/31/21,Supplement
17-5524,3/31/21,3/31/21,Supplement
17-5313,3/31/21,3/31/21,Supplement
17-5208,3/31/21,3/31/21,Supplement
17-5175,3/31/21,3/31/21,Supplement
17-5 159,3/31/21,3/31/21,Supplement
17-5142,3/31/21,3/31/21,Supplement
17-5106,4/5/18,4/5/18,Supplement
17-5076,5/25/18,5/25/18,Supplement
17-5065,3/31/21,3/31/21,Supplement
17-4993,3/31/21,3/31/21,Supplement
17-4977,3/31/21,3/31/21,Supplement
17-4937,4/12/18,4/12/18,Supplement
17-4866,2/7/18,2/7/18,Supplement
17-4837,3/18/18,3/18/18,Supplement
17-4688,4/19/18,4/19/18,Supplement
17-4605,4/12/18,4/12/18,Supplement
17-4605,2/23/18,2/23/18,Supplement
17-470,1/17/18,1/17/18,Supplement
17-4535,5/4/18,5/4/18,Supplement
17-4518,3/27/18,3/27/18,Supplement
17-4445,8/28/18,8/28/18,Supplement
17-4136,3/3/18,3/3/18,Supplement
17-3802,1/2/18,1/2/18,Supplement
17-3785,5/24/18,5/24/18,Possession of Drugs
17-3641,2/7/18,2/7/18,Supplement
17-3609,4/4/18,4/4/18,Supplement
17-3381,1/17/18,1/17/18,Supplement
16-4180,2/9/18,2/9/18,Supplement
16-2616,5/3/18,5/3/18,Supplement
15-5269,7/9/18,7/9/18,Supplement
14-2952,1/30/18,7/17/14,Supplement
Jul-73,7/11/18,7/11/18,Supplement
18-1504,4/2/18,4/2/18,Possession of Drugs
18-1498,4/2/18,4/1/18,Criminal Damaging
18-1498,4/17/18,4/17/18,Supplement
18-1497,4/2/18,3/23/18,Recovered Property
18-1495,4/2/18,3/30/18,Theft
18-1495,4/3/18,4/3/18,Supplement
18-1493,4/2/18,4/2/18,Criminal Damaging
18-1489,4/1/18,4/1/18,Criminal Trespass
18-1487,4/1/18,4/1/18,Disorderly Conduct
18-1486,4/1/18,4/1/18,CSA Report: Rape
18-1485,4/1/18,4/1/18,Disorderly Conduct
18-1484,4/1/18,4/1/18,Offenses involving underage persons
18-1483,3/31/18,3/31/18,Extortion
18-1483,4/9/18,4/9/18,Supplement
18-1480,3/31/18,3/31/18,Offenses involving underage persons
18-1480,3/31/18,3/31/18,Supplement
18-1477,3/31/18,3/31/18,Offenses involving underage persons
18-1476,3/30/18,3/30/18,Theft
18-1475,3/30/18,3/30/18,Possession of Drugs
18-1475,4/5/18,4/5/18,Supplement
18-1472,3/30/18,3/30/18,Felonious Assault
18-1471,3/30/18,3/30/18,Traffic Crash-Property Damage
18-1468,3/30/18,3/30/18,Assist Other Agency
18-1468,4/8/18,4/8/18,Supplement
18-1468,7/12/18,7/12/18,Supplement
18-1467,3/30/18,3/30/18,Drug Paraphernalia
18-1465,3/30/18,3/26/18,Theft
18-1465,4/5/18,4/5/18,Supplement
18-1463,4/3/18,4/3/18,Supplement
18-1463,3/30/18,3/30/18,Rape
18-1462,3/30/18,3/28/18,Administrative Information
18-1461,3/30/18,3/30/18,Ill Aided
18-1460,3/30/18,3/30/18,Ill Aided
18-1459,3/30/18,3/30/18,Ill Aided
18-1458,3/30/18,3/30/18,Disorderly Conduct
18-1457,3/30/18,3/30/18,Offenses involving underage persons
18-1456,3/29/18,3/29/18,Theft
18-1456,4/5/18,4/5/18,Supplement
18-1456,4/6/18,4/6/18,Supplement
18-1455,3/29/18,3/29/18,Traffic Crash-Property Damage-Hit Skip
18-1454,3/29/18,3/29/18,Administrative Information
18-1453,3/29/18,3/29/18,Receiving Stolen Property
18-1449,3/29/18,3/29/18,Traffic Crash-Property Damage
18-1446,3/29/18,3/29/18,Traffic Crash-Property Damage
18-1443,3/28/18,3/28/18,Administrative Information
18-1442,3/28/18,3/27/18,Disorderly Conduct
18-01400,5/10/18,5/5/18,Theft
"18-
01372",5/8/18,4/28/18,Theft
18-0137,1/9/18,1/9/18,Possessing Drug Abuse Instruments
18-0136,1/9/18,1/9/18,Possessing Drug Abuse Instruments
"18-
01334",5/4/18,5/3/18,Theft
18-0133,1/9/18,12/18/17,Aggravated Menacing
18-0133,1/9/18,12/18/17,Supplement
"18-
01321",5/3/18,5/3/18,Theft
"18-
01321",5/3/18,5/3/18,Theft
18-0132,1/9/18,1/9/18,Traffic Crash-Property Damage
18-0128,1/9/18,1/9/18,Ill Aided
"18-
01270",4/30/18,4/30/18,Theft
18-0126,1/9/18,1/9/18,Traffic Crash-Property Damage
18-0123,1/9/18,1/9/18,Drug Paraphernlaia
18-0122,1/9/18,1/9/18,Ill Aided
"18-
01200",4/23/18,4/23/18,Theft
18-0116,1/8/18,1/8/18,Traffic Crash-Property Damage-Hit Skip
"18-
01157",4/18/18,4/18/18,Theft
18-0115,1/8/18,1/8/18,Theft
"18-
01122",4/14/18,4/14/18,Theft
"18-
01119",4/14/18,4/8/18,Theft
18-0111,1/8/18,1/1/17,Telecommunications Harassment
18-0110,1/8/18,1/8/18,Ill Aided
18-0108,1/8/18,12/14/18,Theft (From Auto)
"18-
01050",4/7/18,4/6/18,Theft
"18-
01039",4/6/18,4/5/18,Theft
"18-
01037",4/6/18,3/28/18,Theft
"18-
01034",4/6/18,4/5/18,Theft
"18-
01024",4/5/18,4/4/18,Theft
"18-
01010",4/4/18,4/3/18,Theft
"18-
01003",4/4/18,4/3/18,Theft
"18-
00987",4/2/18,4/2/18,Theft
18-0097,3/27/18,3/27/18,Supplement
18-0097,1/7/18,12/13/17,Theft (Of Bicycle)
18-0097,1/8/18,1/8/18,Supplement
"18-
00960",3/31/18,3/31/18,Theft
"18-
00931",3/27/18,3/27/18,Theft
"18-
00915",3/24/18,3/23/18,Theft
"18-
00899",3/23/18,3/21/18,Theft
"18-
00876",3/20/18,3/20/18,Theft
"18-
00864",3/19/18,3/18/18,Theft
18-00848,3/17/18,3/17/18,Theft
18-0084,1/7/18,1/7/18,Possession of Drugs
18-00804,3/13/18,3/6/18,Theft
18-0078,1/6/18,1/4/18,Theft
18-00762,3/9/18,2/28/18,Theft
18-00761,3/9/18,3/7/18,Theft
18-00759,3/9/18,3/9/18,Theft
18-00746,3/8/18,3/7/18,Theft
18-00738,3/8/18,3/7/18,Theft
18-00728,3/7/18,3/1/18,Theft
18-00723,3/7/18,3/6/18,Theft
"18-
00712",3/5/18,2/28/18,Theft
18-0070,1/5/18,1/5/18,Administrative Information
18-0069,1/6/18,1/6/18,Drug Paraphernalia
18-0068,1/6/18,1/6/18,Disorderly Conduct
18-0067,1/6/18,1/6/18,Possessing Criminal Tools
18- 0067,3/27/18,3/27/18,Supplement
"18-
00668",2/28/18,2/24/18,Theft
"18-
00657",2/27/18,2/27/18,Theft
"18-
00622",2/23/18,2/23/18,Theft
"18-
00594",2/20/18,2/12/18,Theft
18-0056,1/5/18,1/4/18,Theft
18-0056,1/12/18,1/12/18,Supplement
18-0055,1/12/18,1/12/18,Supplement
"18-
00559",2/17/18,2/17/18,Theft
"18-
00479",2/14/18,2/12/18,Theft
"18-
00461",3/4/18,2/10/18,Theft
"18-
00453",2/14/18,2/9/18,Theft
"18-
00447",2/14/18,2/9/18,Theft
"18-
00430",4/1/18,2/7/18,Theft
18-0041,1/4/18,1/4/18,Theft
18-0039,2/7/18,2/5/18,Supplement
18-0038,1/4/18,12/11/17,Administrative Information
"18-
00368",2/1/18,1/27/18,Theft
"18-
00363",2/1/18,1/15/18,Theft
"18-
00361",2/1/18,2/1/18,Theft
18-0036,1/4/18,1/4/18,Criminal Trespass
18-0035,1/5/18,12/19/17,Supplement
18-0035,1/4/18,1/4/18,Criminal Damaging
18-0032,1/3/18,1/2/18,Theft
18-0031,1/3/18,1/3/18,Drug Paraphernalia
"18-
00308",1/27/18,1/24/18,Theft
"18-
00306",1/27/18,1/26/18,Theft
"18-
00300",1/26/18,1/26/18,Theft
18-0030,1/3/18,1/3/18,Carrying Concealed Weapon
"18-
00299",1/26/18,1/25/18,Theft
18-0029,1/3/18,1/3/18,Administrative Information
"18-
00270",1/24/18,1/21/18,Theft
18-0026,1/2/18,1/2/18,Ill Aided
18-0024,1/2/18,1/2/18,Theft
"18-
00236",1/22/18,12/31/17,Theft
"18-
00200",1/18/18,1/18/18,Theft
18-0020,1/2/18,1/2/18,Telecommunications Harassment
"18-
00161",1/15/18,1/10/18,Theft
"18-
00159",1/15/18,1/11/18,Theft
"18-
00152",1/14/18,1/11/18,Theft
18-0015,1/2/18,1/2/18,Traffic Crash-Property Damage-Hit Skip
18-0011,1/2/18,1/2/18,Traffic Crash-Property Damage
"18-
00094",1/10/18,1/10/18,Theft
"18-
00091",1/10/18,1/7/18,Theft
18-0009,1/1/18,1/1/18,Domestic Violenc e
18-0008,1/1/18,1/1/18,Drug Paraphernalia
"18-
00078",1/9/18,1/5/18,Theft
18-0007,1/1/18,1/1/18,Possession of Drugs
"18-
00054",1/7/18,1/7/18,Theft
"18-
00041",1/5/18,12/30/17,Theft
"18-
00039",1/5/18,1/2/18,Theft
"18-
000 28",1/2/18,1/2/18,Theft
"18-
00020",1/3/18,1/3/18,Theft
"18-
00014",1/2/18,12/27/17,Theft
17-6241,1/10/18,1/10/18,Supplement
17-6241,1/15/18,1/15/18,Supplement
17-6211,1/26/18,1/26/18,Supplement
17-6188,4/8/18,4/8/18,Supplement
17-6174,1/4/18,1/4/18,Supplement
17-6152,3/12/18,3/12/18,Supplement
17-6133,3/5/18,3/5/18,Supplement
17-6119,1/26/18,1/26/18,Supplement
17-6058,3/26/18,3/26/18,Supplement
17-6003,2/7/18,2/7/18,Supplement
17-5998,2/9/18,2/9/18,Supplement
17-5944,1/17/18,1/17/18,Supplement
17-5801,6/5/18,6/5/18,Supplement
17-5749,1/16/18,11/28/18,Supplement
17-5679,7/28/18,7/28/18,Supplement
17-5558,3/31/21,3/31/21,Supplement
17-5524,3/31/21,3/31/21,Supplement
17-5313,3/31/21,3/31/21,Supplement
17-5208,3/31/21,3/31/21,Supplement
17-5175,3/31/21,3/31/21,Supplement
17-5 159,3/31/21,3/31/21,Supplement
17-5142,3/31/21,3/31/21,Supplement
17-5106,4/5/18,4/5/18,Supplement
17-5076,5/25/18,5/25/18,Supplement
17-5065,3/31/21,3/31/21,Supplement
17-4993,3/31/21,3/31/21,Supplement
17-4977,3/31/21,3/31/21,Supplement
17-4937,4/12/18,4/12/18,Supplement
17-4866,2/7/18,2/7/18,Supplement
17-4837,3/18/18,3/18/18,Supplement
17-4688,4/19/18,4/19/18,Supplement
17-4605,4/12/18,4/12/18,Supplement
17-4605,2/23/18,2/23/18,Supplement
17-470,1/17/18,1/17/18,Supplement
17-4535,5/4/18,5/4/18,Supplement
17-4518,3/27/18,3/27/18,Supplement
17-4445,8/28/18,8/28/18,Supplement
17-4136,3/3/18,3/3/18,Supplement
17-3802,1/2/18,1/2/18,Supplement
17-3785,5/24/18,5/24/18,Possession of Drugs
17-3641,2/7/18,2/7/18,Supplement
17-3609,4/4/18,4/4/18,Supplement
17-3381,1/17/18,1/17/18,Supplement
16-4180,2/9/18,2/9/18,Supplement
16-2616,5/3/18,5/3/18,Supplement
15-5269,7/9/18,7/9/18,Supplement
14-2952,1/30/18,7/17/14,Supplement
Jul-73,7/11/18,7/11/18,Supplement